{
"type": "FeatureCollection",
"name": "AreaLabels",
"crs": { "type": "name", "properties": { "name": "urn:ogc:def:crs:OGC:1.3:CRS84" } },
"features": [
{ "type": "Feature", "properties": { "objectid": 11, "name": "Lewisham", "gss_code": "E09000023", "hectares": 3531.706, "nonld_area": 16.795, "ons_inner": "T", "sub_2011": "East" }, "geometry": { "type": "Polygon", "coordinates": [ [ [ -0.046134785190229, 51.456963037680453 ], [ -0.046077610287758, 51.457122157846271 ], [ -0.04597605671795, 51.457174421516321 ], [ -0.045755793348236, 51.457680645267395 ], [ -0.04575435490961, 51.457680621273042 ], [ -0.045717144084809, 51.457810397677299 ], [ -0.045691806090491, 51.45789810547204 ], [ -0.04559001449629, 51.458158100920151 ], [ -0.045310158639924, 51.458980779234437 ], [ -0.04527791287099, 51.459095350503091 ], [ -0.045217080679575, 51.459407288862366 ], [ -0.045151447640238, 51.459831558474477 ], [ -0.045097684681859, 51.460281206251835 ], [ -0.045088559679973, 51.460595805875798 ], [ -0.045080028173937, 51.46093019979125 ], [ -0.045103487154013, 51.461324480689917 ], [ -0.045162963704295, 51.461819183817333 ], [ -0.045211263609262, 51.462204886195877 ], [ -0.045320771061159, 51.462606897657352 ], [ -0.045431683271904, 51.462942384898355 ], [ -0.045694794654503, 51.463523219312336 ], [ -0.045973511251167, 51.463974815461611 ], [ -0.046188207955321, 51.464240089470557 ], [ -0.04633803525513, 51.46440625874564 ], [ -0.046561177275559, 51.464608722520033 ], [ -0.046747415541158, 51.464731433083656 ], [ -0.047011956578186, 51.46490850670537 ], [ -0.047304927907224, 51.465026700393558 ], [ -0.047536095330761, 51.465176237868079 ], [ -0.04769523310497, 51.465225652766662 ], [ -0.04851458379409, 51.465626896631441 ], [ -0.048180505118463, 51.465898313039602 ], [ -0.048603547000221, 51.466072627490917 ], [ -0.049030197930828, 51.466229913973741 ], [ -0.049381153749891, 51.466339175642574 ], [ -0.049597501776749, 51.466397633941057 ], [ -0.049644481475808, 51.46641010674238 ], [ -0.049879418686207, 51.466471571817372 ], [ -0.050252955439344, 51.466557825148264 ], [ -0.05049441524308, 51.466601411729592 ], [ -0.050862866822436, 51.466638117575279 ], [ -0.050796668712824, 51.466671189299355 ], [ -0.050608413034561, 51.466764281239293 ], [ -0.050549561430116, 51.466793877898731 ], [ -0.050974667492581, 51.4671228956853 ], [ -0.051294032178688, 51.46736562021897 ], [ -0.051300996210125, 51.467371131782222 ], [ -0.051102666743675, 51.467464057056937 ], [ -0.05085582321953, 51.467580455781253 ], [ -0.050968921311601, 51.467730719995068 ], [ -0.051420785344801, 51.468344356923744 ], [ -0.051658761930557, 51.468571338235257 ], [ -0.052015331694756, 51.468954968755298 ], [ -0.052256252339469, 51.469214372268205 ], [ -0.052125717170576, 51.469338102696192 ], [ -0.051756870208255, 51.46961434688918 ], [ -0.051660995240843, 51.469701782278129 ], [ -0.051661499139538, 51.469757546601592 ], [ -0.051775887289693, 51.470080495008503 ], [ -0.051954930080592, 51.470609556212025 ], [ -0.052148181085249, 51.471210796398459 ], [ -0.052731408063337, 51.472933636182276 ], [ -0.052737439146722, 51.473840219455113 ], [ -0.052721854363071, 51.47630221309921 ], [ -0.052673604752224, 51.478009161162397 ], [ -0.054302868839757, 51.478606374989077 ], [ -0.05392161525018, 51.47920616430487 ], [ -0.053927295252328, 51.479208057213967 ], [ -0.053992806646509, 51.479225332383869 ], [ -0.053974121142203, 51.479258295745225 ], [ -0.053682306632837, 51.479786727240011 ], [ -0.053669721728013, 51.479811698286433 ], [ -0.053628407277511, 51.479801119880925 ], [ -0.053595651217716, 51.479792482196622 ], [ -0.053496081216734, 51.479966189518457 ], [ -0.053452439049265, 51.48007787562522 ], [ -0.053444523311308, 51.480162277252106 ], [ -0.053494595345677, 51.480237749965127 ], [ -0.053547538356733, 51.480245823708003 ], [ -0.053547790928115, 51.48027370584613 ], [ -0.053547721908781, 51.480342949911751 ], [ -0.053387491692393, 51.480317806049399 ], [ -0.053333147736925, 51.480308809673026 ], [ -0.053331080513903, 51.480357336910359 ], [ -0.053362550895061, 51.480362356152611 ], [ -0.053481236629004, 51.480382313505352 ], [ -0.053488615907132, 51.480479559238375 ], [ -0.053463690557007, 51.480489936657172 ], [ -0.053402096718626, 51.480515892134235 ], [ -0.053280331035438, 51.480771065810039 ], [ -0.053242880962999, 51.480838789571536 ], [ -0.053193189823291, 51.480923396433873 ], [ -0.053162032259147, 51.480978634673207 ], [ -0.053130951188274, 51.481032075598478 ], [ -0.053142503029723, 51.481031368233438 ], [ -0.053234688039456, 51.481031101186389 ], [ -0.053224980889927, 51.481056119994548 ], [ -0.053093075146591, 51.481447816854399 ], [ -0.053026997341829, 51.481747980603267 ], [ -0.052991786704691, 51.481965922648122 ], [ -0.052948709837587, 51.482402261035922 ], [ -0.052916935177415, 51.482640943764892 ], [ -0.052785695594581, 51.482645058078674 ], [ -0.052787463492409, 51.482671166815692 ], [ -0.0527929586786, 51.482744999766467 ], [ -0.052831780154398, 51.482746544132539 ], [ -0.052933928676563, 51.482749140712173 ], [ -0.052930191806352, 51.482803035916859 ], [ -0.052923774349275, 51.482919836757787 ], [ -0.052952911319647, 51.483385252874015 ], [ -0.052895745736622, 51.483408583823511 ], [ -0.052896518041828, 51.483458057504727 ], [ -0.052775159418451, 51.483466832446751 ], [ -0.052806890292962, 51.483567180690962 ], [ -0.052864461415335, 51.483568137301589 ], [ -0.052956613512242, 51.48356876916796 ], [ -0.052958955949761, 51.483581398121643 ], [ -0.053092210685438, 51.48437498584294 ], [ -0.052987891322186, 51.4843894398619 ], [ -0.052938610225919, 51.484396714664733 ], [ -0.052974189068178, 51.484609537885049 ], [ -0.052975398558084, 51.484614953711059 ], [ -0.05301510416365, 51.484832341910774 ], [ -0.053071535620632, 51.485164217581584 ], [ -0.053143310607449, 51.485169906433583 ], [ -0.053170028980257, 51.485218911868394 ], [ -0.053223552348829, 51.485213506001173 ], [ -0.05328903393509, 51.485231680250379 ], [ -0.053397296682499, 51.485293730927125 ], [ -0.05352605256057, 51.485517094456085 ], [ -0.053534332286106, 51.485796011289324 ], [ -0.053114354436733, 51.485849287338013 ], [ -0.053155434467767, 51.485966877254427 ], [ -0.053053875186585, 51.485984075121266 ], [ -0.052923337162716, 51.486005287883557 ], [ -0.052920601086706, 51.486103264850527 ], [ -0.052914685503001, 51.486275829918199 ], [ -0.052894501738106, 51.486343840486519 ], [ -0.052868155384123, 51.486387467879389 ], [ -0.05283092889335, 51.486449799548787 ], [ -0.052818494499931, 51.48647117587042 ], [ -0.052854681518305, 51.486602173911962 ], [ -0.052875856383758, 51.486679864512219 ], [ -0.052908064686586, 51.486735256212413 ], [ -0.052968354910199, 51.48684147458512 ], [ -0.053004668010855, 51.486868157226837 ], [ -0.053130229057053, 51.486963769100193 ], [ -0.053160226384052, 51.486969663144727 ], [ -0.053228704186303, 51.486985189278847 ], [ -0.053296071321919, 51.487026776275492 ], [ -0.053380289992896, 51.487078535302771 ], [ -0.053489543641969, 51.487218840289344 ], [ -0.053538681198221, 51.487282606554452 ], [ -0.05370293060528, 51.487518249915546 ], [ -0.053951608252307, 51.487936051757444 ], [ -0.052863959763336, 51.487634710900444 ], [ -0.052605282417239, 51.487553074133956 ], [ -0.052596224509307, 51.487562815794767 ], [ -0.052474634570573, 51.487711875771296 ], [ -0.052386950269711, 51.487775167410952 ], [ -0.052149046908943, 51.48781437950597 ], [ -0.052093927575424, 51.487823355574953 ], [ -0.051724381390443, 51.487808220027368 ], [ -0.05128255726669, 51.48779907544197 ], [ -0.051089811041126, 51.487826445953701 ], [ -0.050744105084366, 51.487927711541772 ], [ -0.050712131000188, 51.487934374008496 ], [ -0.050618297968272, 51.48787166155207 ], [ -0.050438449265681, 51.487934317795883 ], [ -0.050358554082711, 51.488017521766203 ], [ -0.050283015245637, 51.488099898871376 ], [ -0.050318272021512, 51.488117571929521 ], [ -0.050082805648489, 51.488335778529986 ], [ -0.050143627042529, 51.488361970605027 ], [ -0.051932774288316, 51.489136335907268 ], [ -0.051440168994816, 51.489439300626373 ], [ -0.051125698039143, 51.489550978877581 ], [ -0.05079151279248, 51.4896182632516 ], [ -0.05031925367497, 51.489747998402123 ], [ -0.049631453502343, 51.48986515177026 ], [ -0.049687056719618, 51.489946113821219 ], [ -0.049332329928794, 51.490022045071001 ], [ -0.049234924767278, 51.490042905903536 ], [ -0.049194120135309, 51.489986470771406 ], [ -0.047523997536731, 51.490370531351758 ], [ -0.047569713193202, 51.490446833234927 ], [ -0.046541375913836, 51.490745346583289 ], [ -0.046540067497011, 51.490472840336004 ], [ -0.046541322664716, 51.490342464411711 ], [ -0.046138358498388, 51.490367221768622 ], [ -0.045901197884525, 51.490220280561573 ], [ -0.045805696746621, 51.490162932183459 ], [ -0.045495740125514, 51.490236001239936 ], [ -0.0450896990434, 51.49033264676941 ], [ -0.0451093680659, 51.490377939311529 ], [ -0.044732060440097, 51.490442688521377 ], [ -0.044710974828866, 51.490363199308305 ], [ -0.044550426431231, 51.490142892614188 ], [ -0.044526609312896, 51.490127207287529 ], [ -0.044472716960544, 51.490107422945876 ], [ -0.04271461734122, 51.490022316818447 ], [ -0.042331176478614, 51.490028502085806 ], [ -0.042199760072022, 51.490036198870662 ], [ -0.042481945442406, 51.490241454197943 ], [ -0.040317599005199, 51.49106320316082 ], [ -0.041029522584293, 51.491828709940805 ], [ -0.040044195849147, 51.492163856963408 ], [ -0.04053714969126, 51.492795305895974 ], [ -0.040526841367563, 51.492800529261785 ], [ -0.0403440292214, 51.492830746131197 ], [ -0.039940023510913, 51.492946292904371 ], [ -0.039908044388613, 51.492952952351281 ], [ -0.039876065257098, 51.492959611789601 ], [ -0.039844124691033, 51.492965372577579 ], [ -0.039810744546525, 51.492971109278926 ], [ -0.039777441545776, 51.492975048687455 ], [ -0.03974557811015, 51.49297901216547 ], [ -0.039710835527602, 51.492982927476362 ], [ -0.039677609666158, 51.492985069573315 ], [ -0.039661735808914, 51.492985703337382 ], [ -0.039628548522442, 51.492986946778821 ], [ -0.039593921663541, 51.492988166130161 ], [ -0.039560811534545, 51.492987612269054 ], [ -0.039527739987585, 51.492986159756896 ], [ -0.039493228872344, 51.492984683153452 ], [ -0.039460195912523, 51.492982331980492 ], [ -0.039427201539348, 51.492979082156516 ], [ -0.039394207171166, 51.492975832323182 ], [ -0.039359811822106, 51.492971659755234 ], [ -0.039326894634563, 51.492966612619441 ], [ -0.03929397745461, 51.492961565474324 ], [ -0.039261098868475, 51.492955619678192 ], [ -0.039229659860524, 51.492949697957933 ], [ -0.039196819879423, 51.492942853501859 ], [ -0.039165419477305, 51.492936033122454 ], [ -0.039148260416962, 51.49293304816419 ], [ -0.039106898817855, 51.49292336323996 ], [ -0.039067015394875, 51.492912803746442 ], [ -0.039025731014053, 51.492901321509748 ], [ -0.038987364380477, 51.492888988792984 ], [ -0.03894759679371, 51.492875733333051 ], [ -0.038909268796786, 51.492862501948473 ], [ -0.038872418982144, 51.492848395999019 ], [ -0.038834168219977, 51.492833367305913 ], [ -0.038797395643443, 51.492817464048869 ], [ -0.038762062657149, 51.492801584870961 ], [ -0.038725328728825, 51.49278478294891 ], [ -0.03869147395406, 51.492768029198778 ], [ -0.038681590000131, 51.492763367346818 ], [ -0.038640691839183, 51.492742898554546 ], [ -0.038601271875964, 51.492721555198855 ], [ -0.038563368710334, 51.492698438639536 ], [ -0.038525426983038, 51.492676220709022 ], [ -0.038487562495459, 51.492652205482372 ], [ -0.038452615766752, 51.492627339791021 ], [ -0.038417669076421, 51.492602474088692 ], [ -0.0383841619812, 51.492577632471061 ], [ -0.038360538796251, 51.492557452724355 ], [ -0.038208772983296, 51.49246858064943 ], [ -0.03809778950894, 51.492402873298779 ], [ -0.038065336195249, 51.4923870421011 ], [ -0.038031404744679, 51.492372085435612 ], [ -0.03799747331672, 51.49235712875997 ], [ -0.037963503300175, 51.49234307071584 ], [ -0.037928093756509, 51.492328988560118 ], [ -0.037891167462024, 51.492316679574778 ], [ -0.037857081669777, 51.492305317423906 ], [ -0.037820155414415, 51.49229300841565 ], [ -0.037783151950049, 51.492282496678797 ], [ -0.037744708956718, 51.492271960826294 ], [ -0.037706227365436, 51.492262323602588 ], [ -0.037667668556997, 51.492254483649305 ], [ -0.037627631599011, 51.492247518219642 ], [ -0.037624791125664, 51.492246571367602 ], [ -0.037594715143518, 51.492242470587577 ], [ -0.037564600548093, 51.492239268441402 ], [ -0.037534447337591, 51.492236964929084 ], [ -0.03750429413036, 51.492234661408958 ], [ -0.037474140926424, 51.492232357881051 ], [ -0.037449707283924, 51.49223104941661 ], [ -0.037350610431209, 51.492223994115911 ], [ -0.037288825889869, 51.492220261505103 ], [ -0.035212424797439, 51.492634213248813 ], [ -0.033300984006487, 51.492996934711769 ], [ -0.033277757490303, 51.493001041305462 ], [ -0.033221468645468, 51.492869699428105 ], [ -0.032884587826103, 51.492931490963564 ], [ -0.032524014912934, 51.493008171643787 ], [ -0.032554872177145, 51.493027574871206 ], [ -0.032386527677945, 51.493056223192248 ], [ -0.032038205362707, 51.493116021594481 ], [ -0.031911691594435, 51.493176846958029 ], [ -0.031034637756715, 51.493337473659572 ], [ -0.030408795104748, 51.493451956575441 ], [ -0.029921342660617, 51.493564266639339 ], [ -0.029788744778162, 51.493031455779459 ], [ -0.029742896717133, 51.49292546786068 ], [ -0.029603419797081, 51.492685709750525 ], [ -0.029306803395759, 51.492181615065292 ], [ -0.028980696167599, 51.4916266642987 ], [ -0.028360674971085, 51.490805973458443 ], [ -0.028143316839659, 51.490501953236453 ], [ -0.027819737075554, 51.49005585567744 ], [ -0.027490648696424, 51.489704089832145 ], [ -0.027258832652375, 51.489434896831519 ], [ -0.027077605851063, 51.489295153542692 ], [ -0.026771254543727, 51.489017510217941 ], [ -0.026572327976188, 51.488854086554255 ], [ -0.025955446207192, 51.488395849278717 ], [ -0.025095973360507, 51.487785137471391 ], [ -0.024817463163649, 51.487596987918288 ], [ -0.024666751537033, 51.487484733970561 ], [ -0.024372801676644, 51.487320603882338 ], [ -0.02411705599525, 51.487172405221408 ], [ -0.023798329233169, 51.486981776488385 ], [ -0.023527882662664, 51.486840522914925 ], [ -0.023491198245091, 51.486822817617167 ], [ -0.023417868387073, 51.486786508355529 ], [ -0.024175535901258, 51.486186870956601 ], [ -0.02458569569322, 51.485861948760629 ], [ -0.024707681958674, 51.48570573031455 ], [ -0.024733782699843, 51.485668400157756 ], [ -0.024821148044192, 51.485546670242954 ], [ -0.025003617854711, 51.485290750600079 ], [ -0.025175115098763, 51.485022055673099 ], [ -0.025181025984819, 51.484985284420475 ], [ -0.02519606199779, 51.484637512744072 ], [ -0.025263498114817, 51.484343682257403 ], [ -0.025269830736601, 51.484197204757976 ], [ -0.025551960647172, 51.483434865418268 ], [ -0.025713063426395, 51.482573363269189 ], [ -0.025793051343446, 51.482188915946104 ], [ -0.025856911499873, 51.482044307024026 ], [ -0.025926064292832, 51.481943852395155 ], [ -0.026039052969441, 51.481828848277544 ], [ -0.026342315323536, 51.481576759947956 ], [ -0.026382646297479, 51.481509992558237 ], [ -0.024693804107568, 51.481197359686767 ], [ -0.023135210255591, 51.480737618154315 ], [ -0.023094716129259, 51.480242326093645 ], [ -0.023044926080348, 51.479629070297804 ], [ -0.02249747386651, 51.47969986952355 ], [ -0.02034137348655, 51.479935947894425 ], [ -0.020391960770864, 51.480230869864727 ], [ -0.019988602543156, 51.480366142403589 ], [ -0.018908625385215, 51.480727388167054 ], [ -0.018701653256643, 51.48078414106336 ], [ -0.018557656080673, 51.48081677843102 ], [ -0.018374801314524, 51.480848758492868 ], [ -0.01813527931204, 51.480859097820641 ], [ -0.017849200725614, 51.480880341984061 ], [ -0.017618530141707, 51.480719966660587 ], [ -0.017090487470201, 51.480409777555614 ], [ -0.017041327771544, 51.480381068364004 ], [ -0.016833679484732, 51.480287628119001 ], [ -0.01683399159986, 51.480280439093512 ], [ -0.016884295597165, 51.480183267404428 ], [ -0.0169357610501, 51.48012568400452 ], [ -0.017001305324902, 51.480075532958395 ], [ -0.017079528314579, 51.480031891279616 ], [ -0.017205397535119, 51.479985458018191 ], [ -0.017437642915958, 51.4799435209531 ], [ -0.017618427450784, 51.479925893573686 ], [ -0.017742580021573, 51.479918999387891 ], [ -0.017925579684154, 51.479916696875385 ], [ -0.018266377089188, 51.479895478019451 ], [ -0.018350665409077, 51.479878018427925 ], [ -0.018417917995318, 51.479854874959578 ], [ -0.018491550739578, 51.479817450729961 ], [ -0.018546552655025, 51.479777912836703 ], [ -0.018606963273324, 51.479713286302015 ], [ -0.018871818939228, 51.479517223190307 ], [ -0.018938024177205, 51.479451795155875 ], [ -0.018971711295768, 51.47940560167995 ], [ -0.019003221587776, 51.479343184201944 ], [ -0.019035594685623, 51.479194449614361 ], [ -0.019105353486296, 51.478947425287188 ], [ -0.019102371981129, 51.478783704386601 ], [ -0.019113394429235, 51.478595939425176 ], [ -0.019092673524835, 51.478475983773961 ], [ -0.019107932506212, 51.47832336267426 ], [ -0.019140655127954, 51.47816654033754 ], [ -0.019175754397112, 51.477954901557105 ], [ -0.0191398689365, 51.477786127977211 ], [ -0.019069682824754, 51.477578105132267 ], [ -0.019056425020566, 51.4775185279615 ], [ -0.019041538832333, 51.47739687234494 ], [ -0.019071686424442, 51.477332633203545 ], [ -0.019092461979298, 51.477252048427204 ], [ -0.019139215538964, 51.477203377888507 ], [ -0.019235829041489, 51.477167240892165 ], [ -0.019385920780651, 51.477126611985284 ], [ -0.019535349984353, 51.477101259595337 ], [ -0.019684038899, 51.47709298098988 ], [ -0.019869134407997, 51.477042151532288 ], [ -0.020019731487176, 51.476989839588526 ], [ -0.020186586023916, 51.476927909943612 ], [ -0.020310812402936, 51.476885943545703 ], [ -0.02042753356052, 51.476817770848236 ], [ -0.020552422930728, 51.476727253784148 ], [ -0.020644447725285, 51.47663078572986 ], [ -0.02073456590854, 51.47654507686368 ], [ -0.020749230149143, 51.476505755830047 ], [ -0.020765683770066, 51.476458371415546 ], [ -0.020764439403564, 51.476453853952748 ], [ -0.020742585892165, 51.476359958779732 ], [ -0.020730729186853, 51.476234757334836 ], [ -0.02072722970661, 51.476215813156507 ], [ -0.020701370794928, 51.47611465600837 ], [ -0.020674815696911, 51.475929853208001 ], [ -0.020626554399625, 51.475847202716409 ], [ -0.020681667785129, 51.475771694059574 ], [ -0.020720213753834, 51.475679718340764 ], [ -0.020820636382198, 51.475588787689645 ], [ -0.020917945745418, 51.475536473804901 ], [ -0.021049594877253, 51.475522509903954 ], [ -0.021364229653492, 51.475506239946348 ], [ -0.021573350735274, 51.47549897926644 ], [ -0.021773876706243, 51.475490673826243 ], [ -0.022000499020233, 51.47547831208859 ], [ -0.022132847918462, 51.475448171561773 ], [ -0.022292304363256, 51.475390610400218 ], [ -0.022502124892443, 51.475367172646905 ], [ -0.022737380340857, 51.475354955161741 ], [ -0.022741736200758, 51.475354129368874 ], [ -0.02286132777093, 51.475319276306628 ], [ -0.022898702229505, 51.475254258732328 ], [ -0.022892634827748, 51.475194803240164 ], [ -0.022904729427057, 51.475081696784748 ], [ -0.022804699532899, 51.474731084633866 ], [ -0.02277584174171, 51.474532753967601 ], [ -0.022777358265415, 51.474464433527217 ], [ -0.022785213579811, 51.47428290951455 ], [ -0.022620122690266, 51.474271131001068 ], [ -0.022585782400858, 51.474099686468257 ], [ -0.022592043780959, 51.474088101355491 ], [ -0.022646879325148, 51.473985608308006 ], [ -0.02248066179668, 51.47396661627733 ], [ -0.022423609051828, 51.474087057624736 ], [ -0.022315649050227, 51.474086134978634 ], [ -0.022162654123064, 51.474061070616798 ], [ -0.022075734193609, 51.474039819193038 ], [ -0.022006198405324, 51.474016163266249 ], [ -0.021859193701446, 51.473952530160865 ], [ -0.0218449988006, 51.473947794096183 ], [ -0.021746565724971, 51.474026169244574 ], [ -0.021551843582266, 51.473933852232051 ], [ -0.021619164105806, 51.47387563566123 ], [ -0.021437353523413, 51.473817709450209 ], [ -0.021208720151169, 51.473743704401343 ], [ -0.021115307228822, 51.473706155418576 ], [ -0.021026483725448, 51.473662388838221 ], [ -0.020908688438427, 51.473589355638893 ], [ -0.020810843901394, 51.473521155726132 ], [ -0.020770749946704, 51.473482708398208 ], [ -0.020742128538183, 51.473445354116073 ], [ -0.020724901787354, 51.473410890151747 ], [ -0.020710359703698, 51.473347694260092 ], [ -0.020639819537359, 51.473214307232276 ], [ -0.020621814348953, 51.47319781589799 ], [ -0.020595058880846, 51.473183874629285 ], [ -0.020527974838838, 51.473170151437976 ], [ -0.020301714560969, 51.473174422933447 ], [ -0.020200096650769, 51.473160116152066 ], [ -0.020092218817134, 51.473124120569913 ], [ -0.020024864387089, 51.473083413836719 ], [ -0.019978745255039, 51.473017885755873 ], [ -0.019964202368591, 51.472987963478701 ], [ -0.01995265615384, 51.472922120249315 ], [ -0.019957288422779, 51.472848456771089 ], [ -0.019980314868854, 51.472782298401377 ], [ -0.020015901932777, 51.472725345145392 ], [ -0.02005689403126, 51.472676576805064 ], [ -0.020130203770176, 51.472613066531935 ], [ -0.0203114763081, 51.472417385942705 ], [ -0.020301950894615, 51.472371361251014 ], [ -0.020273916377667, 51.472287253706035 ], [ -0.020219321901356, 51.472184711657562 ], [ -0.02011942148274, 51.472097591370236 ], [ -0.020084228255287, 51.472079010985468 ], [ -0.020026207688801, 51.472055548461043 ], [ -0.019973514338832, 51.472042068104464 ], [ -0.019867582521785, 51.472027688165859 ], [ -0.019372839795363, 51.472047205429696 ], [ -0.01931968166689, 51.472011234685134 ], [ -0.019293433758873, 51.47198561093947 ], [ -0.019259487580356, 51.471938274120163 ], [ -0.019127264447366, 51.471467509294079 ], [ -0.019084311877603, 51.471229370778651 ], [ -0.018997560304663, 51.471137975370468 ], [ -0.018858531912071, 51.471189582493764 ], [ -0.018801840817742, 51.471102292285074 ], [ -0.018932856571573, 51.471069434858073 ], [ -0.018956150838366, 51.471063533613112 ], [ -0.018919494862229, 51.470879458856565 ], [ -0.018766794467346, 51.470748278949493 ], [ -0.018645980116394, 51.470645515935679 ], [ -0.018911824389776, 51.470525009037765 ], [ -0.019006002518255, 51.470611134307717 ], [ -0.019064646600854, 51.470586945505268 ], [ -0.019174233999868, 51.47055012841458 ], [ -0.019246957048853, 51.470500098086021 ], [ -0.019141125084615, 51.470251004567892 ], [ -0.018995235986025, 51.470062385540309 ], [ -0.018992475237112, 51.470059641002841 ], [ -0.019092306532353, 51.469948917289628 ], [ -0.018674916376078, 51.469712542399272 ], [ -0.018447750900983, 51.469605283220645 ], [ -0.018174737479425, 51.469526026613366 ], [ -0.017861476366613, 51.469478465981702 ], [ -0.017718222081764, 51.469461656116003 ], [ -0.017483314911144, 51.469433404603414 ], [ -0.017248174078097, 51.469410544409492 ], [ -0.01713595740654, 51.469342099763132 ], [ -0.017136035393883, 51.469340302502466 ], [ -0.017114808712573, 51.469298576295095 ], [ -0.017088216919589, 51.469247766476897 ], [ -0.016923753671973, 51.469056134870769 ], [ -0.016533318858654, 51.469227591709526 ], [ -0.016441727879457, 51.469048882623127 ], [ -0.016390755943981, 51.468995861728182 ], [ -0.016244020352246, 51.468860284978206 ], [ -0.015878852958675, 51.468549248573517 ], [ -0.015781066737844, 51.468480147495995 ], [ -0.015534168601405, 51.468330285173757 ], [ -0.015430589325063, 51.468261985076829 ], [ -0.015275611226706, 51.468150548482349 ], [ -0.015064601238739, 51.468036364803353 ], [ -0.015001101747061, 51.4680397865285 ], [ -0.01462695751366, 51.468233995005768 ], [ -0.014468255003526, 51.468307747911652 ], [ -0.014082446461554, 51.468472080585194 ], [ -0.013450504615969, 51.468767136451952 ], [ -0.013103340159427, 51.468936616839471 ], [ -0.013448362440831, 51.469379515998938 ], [ -0.013691190840795, 51.469656113505891 ], [ -0.013815291509062, 51.469782317171124 ], [ -0.014021066814878, 51.470050192889239 ], [ -0.014071373318399, 51.47011849143847 ], [ -0.014397221903554, 51.470671675743567 ], [ -0.014835005159481, 51.471399417433261 ], [ -0.015158761744043, 51.471769109312717 ], [ -0.014728875388567, 51.471886834067412 ], [ -0.014508686559942, 51.471917279438287 ], [ -0.014502892113473, 51.471918080626573 ], [ -0.01451522096516, 51.472131420803407 ], [ -0.014517200615721, 51.472152137961295 ], [ -0.014231849848965, 51.472522310011087 ], [ -0.014043756843504, 51.472675601193188 ], [ -0.013645651300469, 51.472492598363083 ], [ -0.013337480450716, 51.472393852291219 ], [ -0.013118193986069, 51.472370352992137 ], [ -0.012848274051161, 51.472352290365087 ], [ -0.012493109789899, 51.472340876079556 ], [ -0.011652995131635, 51.472388686245381 ], [ -0.010296644533934, 51.472552734032092 ], [ -0.010052332592761, 51.472607941757055 ], [ -0.009046056780113, 51.472734748774712 ], [ -0.008870162307117, 51.472739856101327 ], [ -0.008588721265989, 51.472754861692799 ], [ -0.008117780040998, 51.472756755980008 ], [ -0.00733713341977, 51.472629284768708 ], [ -0.006928937936098, 51.472579182447163 ], [ -0.006663610487176, 51.472554888617118 ], [ -0.005604773914807, 51.472401094271866 ], [ -0.003572432041633, 51.47211831116266 ], [ -0.002324042057554, 51.471953166748747 ], [ -0.001470932480617, 51.471837012828686 ], [ -0.001298782300842, 51.47182238900001 ], [ -0.001166605408443, 51.471815640359921 ], [ -0.000957973528997, 51.471812085107402 ], [ -0.000333501374139, 51.471834714988418 ], [ 0.000019879441226, 51.471848474669258 ], [ 0.000391273631481, 51.471879012538956 ], [ 0.000903573155582, 51.471937721540534 ], [ 0.001661854310479, 51.472023706115763 ], [ 0.002868384708526, 51.472152393047125 ], [ 0.003784609408162, 51.472260846922133 ], [ 0.00457035627941, 51.472349041255448 ], [ 0.005437154514748, 51.472446636062394 ], [ 0.007515220654502, 51.472681775086677 ], [ 0.009244328186084, 51.472872494925049 ], [ 0.010173861225589, 51.47295549064502 ], [ 0.01211440618045, 51.473173120028683 ], [ 0.013589117942021, 51.47334116039373 ], [ 0.014382289543495, 51.473433657557564 ], [ 0.015276545770207, 51.473532505897069 ], [ 0.017065651732778, 51.473742759558107 ], [ 0.018066650488712, 51.473845145386619 ], [ 0.01814910466305, 51.473853618771656 ], [ 0.017806056107701, 51.473715635620835 ], [ 0.016578185460761, 51.473431896002104 ], [ 0.016220294185367, 51.473349019684676 ], [ 0.016054596160754, 51.473314098033022 ], [ 0.01501038358062, 51.473080242560009 ], [ 0.014978640868301, 51.472817297664399 ], [ 0.015020689417489, 51.472529703789803 ], [ 0.015104490361396, 51.472274666087507 ], [ 0.015238296336902, 51.471912653555314 ], [ 0.0153830432122, 51.471570237107052 ], [ 0.015541317999023, 51.47127345148705 ], [ 0.01591859538218, 51.470620382366832 ], [ 0.0161693288958, 51.470167329823013 ], [ 0.016221639838347, 51.470080099323958 ], [ 0.016224768031756, 51.470053067024317 ], [ 0.016231103621979, 51.470000799631329 ], [ 0.016316770825167, 51.469951664905388 ], [ 0.016372936200793, 51.469919224412671 ], [ 0.016489424636181, 51.469850674729372 ], [ 0.016631108948401, 51.46963510839813 ], [ 0.016719809320108, 51.469491496380869 ], [ 0.01664868805639, 51.469445956458337 ], [ 0.016637545488104, 51.469323845379549 ], [ 0.016558529056621, 51.469131857806609 ], [ 0.016356083846776, 51.46898156063417 ], [ 0.016137419015399, 51.469116615047049 ], [ 0.016067341985008, 51.469160085965122 ], [ 0.016055871443041, 51.469161182412748 ], [ 0.015985688611976, 51.469169583012089 ], [ 0.01587536540016, 51.46921464484501 ], [ 0.015856964940772, 51.469254529603738 ], [ 0.015553739766099, 51.469365856269 ], [ 0.015288489207165, 51.469456745419102 ], [ 0.015012796831122, 51.469572093908297 ], [ 0.014570723594725, 51.469701989494453 ], [ 0.014383986240594, 51.46974476485309 ], [ 0.014050652317121, 51.469793654121034 ], [ 0.013781548153271, 51.469829749125893 ], [ 0.01361309325212, 51.469829943035023 ], [ 0.013522411105253, 51.469830600335406 ], [ 0.013511598139307, 51.469879347302474 ], [ 0.01350663414994, 51.469897418198663 ], [ 0.013017995444338, 51.469852746762626 ], [ 0.012627233553543, 51.469807293308286 ], [ 0.012915379422312, 51.468796948876808 ], [ 0.013038961170153, 51.468431517161605 ], [ 0.013077195039986, 51.468286076190516 ], [ 0.013094456124805, 51.468122110139319 ], [ 0.013078651042682, 51.467991985067641 ], [ 0.013002286231405, 51.467892575618578 ], [ 0.012805456236788, 51.467738578219922 ], [ 0.012718388796522, 51.467624963653932 ], [ 0.012692355805288, 51.467491416856532 ], [ 0.012716717033288, 51.467357904702133 ], [ 0.012790373921752, 51.467264913836729 ], [ 0.013038198758756, 51.467072710948649 ], [ 0.01316701555153, 51.466957190596887 ], [ 0.013270939143082, 51.466832205204803 ], [ 0.013179115903344, 51.466806802553521 ], [ 0.012999864833089, 51.466757720178272 ], [ 0.012863047436579, 51.466724096533042 ], [ 0.012771896607247, 51.466713969849387 ], [ 0.012508649524699, 51.466653737929676 ], [ 0.012115101063876, 51.466478833597691 ], [ 0.011834071542157, 51.466341566780315 ], [ 0.011622145755962, 51.466269661297972 ], [ 0.011485014727625, 51.466228847158384 ], [ 0.011328295600767, 51.466200958685071 ], [ 0.010939059972968, 51.466123998395439 ], [ 0.01077950366723, 51.466097057109778 ], [ 0.010510411679417, 51.466067496548582 ], [ 0.009968798725462, 51.465995842357088 ], [ 0.009122661816504, 51.46587454532969 ], [ 0.009141874264621, 51.465820259262287 ], [ 0.009199763127609, 51.465564770516501 ], [ 0.009164415902147, 51.465317173640074 ], [ 0.009093400632984, 51.465109756110991 ], [ 0.009013062391709, 51.464853936881006 ], [ 0.009013648514479, 51.464736120675795 ], [ 0.009043304386362, 51.464657375097346 ], [ 0.009074517143085, 51.464581300697112 ], [ 0.009146481519426, 51.464449672020571 ], [ 0.009294700360146, 51.464087419818497 ], [ 0.009305438149811, 51.464036876000115 ], [ 0.009335757394168, 51.463842111354893 ], [ 0.009406001793668, 51.463638569246882 ], [ 0.009558334636324, 51.46327174975918 ], [ 0.009643432891782, 51.46301309669974 ], [ 0.009745222645198, 51.462773941847679 ], [ 0.009821253579871, 51.462505551853511 ], [ 0.009850662135738, 51.462290119087037 ], [ 0.009869566535123, 51.46206497415448 ], [ 0.009848894423655, 51.461725398925033 ], [ 0.009830332096289, 51.461401075360087 ], [ 0.009790511925729, 51.461149958016875 ], [ 0.009772761200998, 51.460876879717347 ], [ 0.009849440871251, 51.460295527543039 ], [ 0.009892765572769, 51.459839747310269 ], [ 0.009929163559065, 51.45955405048327 ], [ 0.009973073101787, 51.459341066969401 ], [ 0.010139540227849, 51.45903425629939 ], [ 0.010336721405645, 51.458672961950853 ], [ 0.01046864923112, 51.458464764752456 ], [ 0.010670908443739, 51.458088094937558 ], [ 0.010821865517279, 51.457854391151898 ], [ 0.011024536422609, 51.457519979980908 ], [ 0.011259401744115, 51.457197606409245 ], [ 0.011282511859613, 51.457166634476998 ], [ 0.011401136174666, 51.457016218460353 ], [ 0.011440637954247, 51.456965181154743 ], [ 0.011507327675469, 51.456877706219345 ], [ 0.011511061313917, 51.456766130867344 ], [ 0.011509577518706, 51.456699609228721 ], [ 0.011510384071794, 51.456685206839204 ], [ 0.011541864326367, 51.45661542206556 ], [ 0.011544701576918, 51.456614474125992 ], [ 0.011726127393642, 51.456550211422815 ], [ 0.011940967554947, 51.456460195339048 ], [ 0.012314256588892, 51.456307208650628 ], [ 0.012632435033224, 51.456177648475034 ], [ 0.013004834303104, 51.456037264808458 ], [ 0.01318605813557, 51.455968506850326 ], [ 0.013554360759447, 51.455865961701406 ], [ 0.014056363333782, 51.455726946972895 ], [ 0.014223027908297, 51.455687214504792 ], [ 0.014421019245532, 51.455639749536473 ], [ 0.014839050293032, 51.455555231293886 ], [ 0.015341981935067, 51.455470151560952 ], [ 0.016050132905803, 51.455338375989584 ], [ 0.017505467432673, 51.455046262661668 ], [ 0.017539709900663, 51.455039378620327 ], [ 0.017498653532233, 51.45479368056774 ], [ 0.017478094083904, 51.454751767794207 ], [ 0.017454420434396, 51.454704512871075 ], [ 0.017463971927183, 51.454594635700595 ], [ 0.017464499359476, 51.454573943053866 ], [ 0.017488406807793, 51.454430545356189 ], [ 0.017504213652172, 51.454364625581121 ], [ 0.017520943899353, 51.454286999202282 ], [ 0.017528093830916, 51.454187954761352 ], [ 0.017533396857146, 51.454112323522672 ], [ 0.017629835131864, 51.453818396604149 ], [ 0.01772944076575, 51.453596357976451 ], [ 0.01788477873942, 51.453267244623476 ], [ 0.017953943717431, 51.453138355979448 ], [ 0.018035961178001, 51.453039821870334 ], [ 0.018067416956319, 51.453002409889287 ], [ 0.018356348739857, 51.451590055009007 ], [ 0.018357470017346, 51.451582841422031 ], [ 0.019314955343701, 51.451688662626253 ], [ 0.019561801467697, 51.451705095842726 ], [ 0.019665553963101, 51.451348990361133 ], [ 0.019736556738397, 51.4511966875017 ], [ 0.019770738689441, 51.451123256636066 ], [ 0.01989754983936, 51.450735278768818 ], [ 0.019864313066591, 51.450732254045121 ], [ 0.015148601767328, 51.450227040066842 ], [ 0.01503501181633, 51.450621980113105 ], [ 0.014901829359617, 51.4506044837103 ], [ 0.015089643567745, 51.450032008426724 ], [ 0.017319857569072, 51.44952783740731 ], [ 0.018011365110766, 51.44941252285156 ], [ 0.019191479023446, 51.449280699435029 ], [ 0.020493113087487, 51.449130583476354 ], [ 0.021593271911443, 51.449013602587094 ], [ 0.021953536581309, 51.448958830529754 ], [ 0.022157378634959, 51.448718803390385 ], [ 0.022166541876276, 51.448665587422589 ], [ 0.022205249261, 51.448531825436504 ], [ 0.022222732796307, 51.448438897339791 ], [ 0.022319776176657, 51.44825736646726 ], [ 0.02242767023091, 51.448126008511991 ], [ 0.022485459508708, 51.448033284603191 ], [ 0.022704672956641, 51.447652702492199 ], [ 0.022846103481642, 51.447433534814238 ], [ 0.022968401045641, 51.447204804816693 ], [ 0.022777076417498, 51.447141557516375 ], [ 0.02155787178561, 51.446777684027666 ], [ 0.021236015352195, 51.446691504046932 ], [ 0.021259968462884, 51.445701874405302 ], [ 0.021288233929431, 51.445233757438672 ], [ 0.021289107167003, 51.444992733159246 ], [ 0.021447108136936, 51.444659971177991 ], [ 0.021522507732214, 51.444444640958082 ], [ 0.021509407218352, 51.444441269614131 ], [ 0.020622851037183, 51.444211041779546 ], [ 0.021124233284851, 51.443409230053618 ], [ 0.021508928187427, 51.442735327818674 ], [ 0.021580031152212, 51.44271611645182 ], [ 0.022100439502538, 51.442574050194303 ], [ 0.022802198698796, 51.442367702257378 ], [ 0.02328518237191, 51.442193002528292 ], [ 0.023664576427416, 51.442083937194703 ], [ 0.024199865563014, 51.44195329476149 ], [ 0.024443640768573, 51.441901424397678 ], [ 0.024699077511099, 51.441852949363415 ], [ 0.025030443917466, 51.441796867643099 ], [ 0.025442291689898, 51.441738495738427 ], [ 0.026243971852597, 51.441644610253846 ], [ 0.026688325073005, 51.441605456772152 ], [ 0.026878529788791, 51.441578787954327 ], [ 0.027307224170229, 51.441543499907503 ], [ 0.027793592326414, 51.441510810246804 ], [ 0.028242087254854, 51.441532731318723 ], [ 0.028589408486839, 51.441577084598386 ], [ 0.028674880635974, 51.44158999484609 ], [ 0.028906654228826, 51.441624655070456 ], [ 0.028921192349457, 51.441628000741595 ], [ 0.029385099047847, 51.441705407230685 ], [ 0.029370847959263, 51.441643602375947 ], [ 0.029108696634277, 51.441475473495089 ], [ 0.029111864167337, 51.441384589752282 ], [ 0.028996249968914, 51.44127597661349 ], [ 0.028909159339688, 51.441129099456241 ], [ 0.028847119289858, 51.440930528978065 ], [ 0.028725097182599, 51.440677239757548 ], [ 0.028602952317611, 51.440453629334804 ], [ 0.028597119345335, 51.44019203500671 ], [ 0.028751510784645, 51.439746910336218 ], [ 0.028902014764505, 51.439376494235525 ], [ 0.028891972773598, 51.439214794588345 ], [ 0.028843672103401, 51.439033972335857 ], [ 0.02883987312472, 51.43878583219422 ], [ 0.0287153070801, 51.4387673034485 ], [ 0.026015415114686, 51.438365232421276 ], [ 0.025994272400015, 51.438440239220277 ], [ 0.024816934980244, 51.438237549116444 ], [ 0.024788916933147, 51.438157096373565 ], [ 0.024810337254535, 51.437925607742685 ], [ 0.024897685841649, 51.43755808642198 ], [ 0.024915457500454, 51.437211550981544 ], [ 0.02495637973698, 51.437095734548969 ], [ 0.02505508645082, 51.436822442838043 ], [ 0.025152303522782, 51.436775799111594 ], [ 0.025315235521772, 51.436100312179292 ], [ 0.025311724287752, 51.436085984102064 ], [ 0.025295446914356, 51.436010724445566 ], [ 0.02540210716165, 51.435689632256945 ], [ 0.025526378306449, 51.435734248961097 ], [ 0.025770852288019, 51.435991720546191 ], [ 0.026297691290094, 51.436192153362832 ], [ 0.027266443554367, 51.436559407959692 ], [ 0.02767923022462, 51.436555867771325 ], [ 0.027716611110311, 51.436555221357402 ], [ 0.027727481767547, 51.43650826995956 ], [ 0.028018941952054, 51.436494236435649 ], [ 0.02855274517244, 51.436429246468606 ], [ 0.028668643353604, 51.436414651215514 ], [ 0.028700153800975, 51.436411408158143 ], [ 0.028704029106367, 51.436401448844506 ], [ 0.028893956873142, 51.435914340893419 ], [ 0.028994416392427, 51.435486335739903 ], [ 0.029050027448315, 51.435052811457219 ], [ 0.029091893393312, 51.434666288422854 ], [ 0.029059628650113, 51.4343601863918 ], [ 0.028942679449171, 51.434221020516489 ], [ 0.028629738146622, 51.43404207947853 ], [ 0.028610531345723, 51.434030720928725 ], [ 0.029134067719326, 51.43376715969211 ], [ 0.029633712907098, 51.433516598263822 ], [ 0.0299235295056, 51.433368591274139 ], [ 0.029888070403859, 51.433347621850807 ], [ 0.030079884749573, 51.433228290304257 ], [ 0.030193864503351, 51.43313818471011 ], [ 0.030299653357448, 51.433090488218873 ], [ 0.030528040387243, 51.433017286469479 ], [ 0.03114459792083, 51.432710734925486 ], [ 0.031383846655614, 51.432590579305938 ], [ 0.031407807339225, 51.432579372470812 ], [ 0.031073077198274, 51.432201167852128 ], [ 0.031173795096488, 51.43210409647525 ], [ 0.031376440136288, 51.432293936436736 ], [ 0.031456260416756, 51.432374390313093 ], [ 0.031557802190062, 51.432490440023081 ], [ 0.031613903918587, 51.432555117274816 ], [ 0.032185154057249, 51.43236265578755 ], [ 0.032244666360633, 51.432115213903415 ], [ 0.032477921865115, 51.43189263790002 ], [ 0.033249881776998, 51.432235374960278 ], [ 0.033726725284771, 51.43169920928549 ], [ 0.034672197548352, 51.432093783947295 ], [ 0.037235603687539, 51.433153606185982 ], [ 0.037695449507209, 51.43333536636063 ], [ 0.037724721598697, 51.433346548446778 ], [ 0.037653408012451, 51.432908027512916 ], [ 0.037616538905431, 51.432758484321624 ], [ 0.037577983239351, 51.432474074498799 ], [ 0.037576821016188, 51.432415639796943 ], [ 0.037565198134561, 51.432380768901268 ], [ 0.037513674183067, 51.432225185270802 ], [ 0.037511787633545, 51.432085825590676 ], [ 0.037544071154736, 51.431776802333502 ], [ 0.037530321968682, 51.431597180070149 ], [ 0.037629303360212, 51.431461462767487 ], [ 0.037547956571269, 51.431379241381066 ], [ 0.037638747512928, 51.431188808755252 ], [ 0.037678113776144, 51.431103589600241 ], [ 0.037745308066977, 51.430964827566783 ], [ 0.037830174921022, 51.430609025392236 ], [ 0.037840352572992, 51.430546796300618 ], [ 0.037858632775949, 51.430440360320567 ], [ 0.037945545471379, 51.430227512210493 ], [ 0.038041722353007, 51.430028891857937 ], [ 0.038196488152179, 51.429498307843836 ], [ 0.038139026414574, 51.429467831281983 ], [ 0.038145653734441, 51.42945512575271 ], [ 0.038247575215857, 51.429224030294897 ], [ 0.038323981432354, 51.429001472210714 ], [ 0.038302042784262, 51.42879950972042 ], [ 0.038358316017019, 51.428027825300425 ], [ 0.038292151563613, 51.427995701523358 ], [ 0.038192246357342, 51.427948876197426 ], [ 0.037857193998582, 51.427790128611271 ], [ 0.037862063771871, 51.42777025919694 ], [ 0.037883332873136, 51.427601719038002 ], [ 0.03790201926063, 51.427601394159147 ], [ 0.038489921573947, 51.427591171451638 ], [ 0.038462733443092, 51.427174365906794 ], [ 0.038596727303372, 51.426694503634465 ], [ 0.038639313758644, 51.426520196738061 ], [ 0.038688144600467, 51.42651844814943 ], [ 0.038798742670308, 51.42651472590321 ], [ 0.038845350780702, 51.426236928683529 ], [ 0.038852882074463, 51.426083016195832 ], [ 0.03896691397365, 51.42609182436567 ], [ 0.038969148441574, 51.426077396586116 ], [ 0.039030955931779, 51.425688720129997 ], [ 0.039047634086797, 51.42557871455147 ], [ 0.039058725763134, 51.425504778701374 ], [ 0.039071325697033, 51.425367866954183 ], [ 0.0390654685553, 51.425139548360008 ], [ 0.039055203689897, 51.424780009606543 ], [ 0.039054671413479, 51.424671204374846 ], [ 0.038850572437098, 51.424674754425041 ], [ 0.038692183700415, 51.424638839534168 ], [ 0.03749476411803, 51.423558022665134 ], [ 0.036211880841109, 51.422365364593084 ], [ 0.034986650081337, 51.423115068855033 ], [ 0.034592005102491, 51.423394405601073 ], [ 0.034362921924962, 51.423612413868241 ], [ 0.034027157793664, 51.423889827839346 ], [ 0.033790204024045, 51.424092683666174 ], [ 0.033543506512285, 51.424238153091963 ], [ 0.033266983065243, 51.424392233062029 ], [ 0.032920428200928, 51.424556519938022 ], [ 0.032532545804749, 51.424794365578229 ], [ 0.03236162171429, 51.424864776467444 ], [ 0.032187662829466, 51.424931642544898 ], [ 0.031494647137006, 51.425360030044679 ], [ 0.03123803117799, 51.425509264188925 ], [ 0.030806728847865, 51.425676813983408 ], [ 0.030319003528928, 51.42586962084323 ], [ 0.030110693581482, 51.425973051845531 ], [ 0.029974251727732, 51.426075237873356 ], [ 0.029606519588173, 51.426444026203882 ], [ 0.029146954628271, 51.4267532500808 ], [ 0.02846904146678, 51.427166972859681 ], [ 0.027240297346552, 51.42807134691207 ], [ 0.026935608971264, 51.428240289146984 ], [ 0.026087335362902, 51.428738779234038 ], [ 0.025436668615271, 51.428989237969198 ], [ 0.025366040128452, 51.428953586757913 ], [ 0.02510704350738, 51.428822266211249 ], [ 0.024485604412302, 51.428529934379348 ], [ 0.024232037384335, 51.428423698747352 ], [ 0.024029449977817, 51.428364245494173 ], [ 0.023744260903344, 51.42825855482922 ], [ 0.023733412650465, 51.428208381107304 ], [ 0.023505088285994, 51.42808731934916 ], [ 0.023219570408577, 51.427876414656467 ], [ 0.022974396778381, 51.427764635767481 ], [ 0.022554588807676, 51.427607307224505 ], [ 0.022290731718451, 51.427495849330995 ], [ 0.021919612524236, 51.427300807243022 ], [ 0.021697087303542, 51.427180541447029 ], [ 0.02154003074046, 51.427109507200285 ], [ 0.021564089767257, 51.427035349475368 ], [ 0.021499455227441, 51.427004988515982 ], [ 0.021161473568845, 51.426843546224021 ], [ 0.021068606733449, 51.42682536275251 ], [ 0.020938803305674, 51.426817708336543 ], [ 0.020931655878387, 51.426818730861925 ], [ 0.020227974802378, 51.426910898197555 ], [ 0.019988747190019, 51.426966281033515 ], [ 0.019716090574457, 51.427046520489739 ], [ 0.01952108762675, 51.427028296916866 ], [ 0.018801374169337, 51.427050586227089 ], [ 0.018613966543614, 51.427008848513395 ], [ 0.018367070680135, 51.426955544584089 ], [ 0.018166596078072, 51.426943708097134 ], [ 0.017920005352224, 51.426929967234685 ], [ 0.017672860672984, 51.426903645179578 ], [ 0.017461901976896, 51.426849720815483 ], [ 0.017241369633381, 51.4267743776171 ], [ 0.01691238577271, 51.426620862326601 ], [ 0.016153676139719, 51.426247215070177 ], [ 0.016074277044685, 51.426208112169498 ], [ 0.01569985570856, 51.426165989026103 ], [ 0.015007794750626, 51.426162599202421 ], [ 0.014593055124574, 51.426185014571345 ], [ 0.014519865731964, 51.426188970071706 ], [ 0.01413373101233, 51.42617492032624 ], [ 0.014286748664122, 51.425630913342282 ], [ 0.01442168207689, 51.425232003200577 ], [ 0.013539205705794, 51.425085288534447 ], [ 0.013371016694348, 51.424695182248534 ], [ 0.012252450690745, 51.42418379873876 ], [ 0.01225097386152, 51.424182924785697 ], [ 0.011839563039293, 51.424051493124473 ], [ 0.01164438357264, 51.42370141695303 ], [ 0.011287936024736, 51.423609508847029 ], [ 0.011012273300837, 51.42349013421655 ], [ 0.010716343746674, 51.423269485529602 ], [ 0.010174001904273, 51.422678052980878 ], [ 0.009992850669742, 51.422483312757464 ], [ 0.008954330823332, 51.422843747340451 ], [ 0.008690814498979, 51.422935494876967 ], [ 0.008102897887634, 51.423042691174089 ], [ 0.007866521516262, 51.422473885395831 ], [ 0.00752814378297, 51.421776427334848 ], [ 0.007375517088677, 51.421378852135078 ], [ 0.006996749645628, 51.421466274240821 ], [ 0.006874286817491, 51.421494450434487 ], [ 0.006812368054854, 51.421361514634604 ], [ 0.006748815606805, 51.421224110266927 ], [ 0.006896990835314, 51.421191896823707 ], [ 0.006762050167502, 51.42093520828216 ], [ 0.006323964598233, 51.421014650636387 ], [ 0.006150301146219, 51.420760422737359 ], [ 0.006079524248637, 51.420687891282881 ], [ 0.006049915838653, 51.420602964415551 ], [ 0.006032279603713, 51.420462975355193 ], [ 0.005983242023636, 51.420295645308713 ], [ 0.005927588161616, 51.420174292771719 ], [ 0.005870004453778, 51.420074556438941 ], [ 0.005751174118692, 51.419922809282674 ], [ 0.005645691225554, 51.419813100769922 ], [ 0.005533101523927, 51.419705312349613 ], [ 0.005254264001537, 51.419315289505199 ], [ 0.005541099618124, 51.419132321194553 ], [ 0.005399571685211, 51.419020531231226 ], [ 0.005354922278401, 51.418986222320697 ], [ 0.005493496182843, 51.4186690965753 ], [ 0.005698151231848, 51.418514512717827 ], [ 0.005583298850986, 51.418453526702415 ], [ 0.005165037414378, 51.418229561621494 ], [ 0.003519569992993, 51.417404260157369 ], [ 0.003239765482468, 51.417583506244455 ], [ 0.0017549407051, 51.418557631810984 ], [ 0.001102645912297, 51.418276496186209 ], [ 0.000874549541456, 51.418158084938774 ], [ 0.000625902703323, 51.418030131690436 ], [ 0.000544177167954, 51.417937099990745 ], [ 0.000161550086791, 51.417770963705387 ], [ -0.000051046258727, 51.417645091843617 ], [ -0.000106430519379, 51.417562401896959 ], [ -0.000122866506483, 51.417548293510116 ], [ -0.000137865345378, 51.417534160603381 ], [ -0.000149989900436, 51.417519978659904 ], [ -0.000162153663127, 51.4175048980849 ], [ -0.000172919496658, 51.417488894361256 ], [ -0.000174474278804, 51.417486222987705 ], [ -0.00018077183594, 51.417473740232822 ], [ -0.000185593039153, 51.417462131590845 ], [ -0.00018897710498, 51.417450498431769 ], [ -0.000192361168899, 51.417438865272558 ], [ -0.00019434731186, 51.417426308966164 ], [ -0.000194896320049, 51.417413728142932 ], [ -0.000195406112996, 51.417402045949892 ], [ -0.000197392253095, 51.417389489643377 ], [ -0.000197902044912, 51.417377807450279 ], [ -0.000199888183005, 51.417365251143657 ], [ -0.000200437188345, 51.417352670320255 ], [ -0.000253895185384, 51.41705051840016 ], [ -0.000291321504342, 51.416555642817819 ], [ -0.000290472902762, 51.416542138848762 ], [ -0.000276876394936, 51.416458272054719 ], [ -0.000320974547566, 51.416337618851827 ], [ -0.000485185477283, 51.416265777987149 ], [ -0.000848919530663, 51.416103812432084 ], [ -0.000831492452769, 51.416074737643413 ], [ -0.000727857646141, 51.415911995583762 ], [ -0.000826089209344, 51.415901979923724 ], [ -0.003377851593824, 51.415660390733592 ], [ -0.0034008180126, 51.415628407116984 ], [ -0.003572129871188, 51.41555848148105 ], [ -0.00346649660433, 51.415309375168 ], [ -0.003257787104937, 51.415049520049138 ], [ -0.004967635898792, 51.414589413364311 ], [ -0.004994252918388, 51.414671702524522 ], [ -0.005000616407463, 51.414690696092137 ], [ -0.005023022372794, 51.414704566885298 ], [ -0.005121229621842, 51.414761095377486 ], [ -0.00512734759479, 51.414818754593227 ], [ -0.005136211530298, 51.414912432475489 ], [ -0.005199342766475, 51.414981853459459 ], [ -0.005389869050351, 51.415296252640537 ], [ -0.005485357418832, 51.415481334159047 ], [ -0.00550798224005, 51.415787480473234 ], [ -0.005973295876847, 51.416033710124637 ], [ -0.006038132209487, 51.415997941724065 ], [ -0.006085292950664, 51.415971764932017 ], [ -0.006263180934474, 51.415981984787194 ], [ -0.006538909437454, 51.415991170258522 ], [ -0.006655655128894, 51.415489548789445 ], [ -0.006677337150268, 51.415189552071716 ], [ -0.006666885395828, 51.414933973822805 ], [ -0.006601170345813, 51.414659469873634 ], [ -0.007558766903041, 51.41449858820846 ], [ -0.007665890645412, 51.414482422975119 ], [ -0.007820866969071, 51.414457178621234 ], [ -0.008152999993474, 51.414392677446664 ], [ -0.008459842819959, 51.414347530226721 ], [ -0.008678759598441, 51.41427390972347 ], [ -0.008897332071846, 51.414175102677369 ], [ -0.009026064901573, 51.414091856034823 ], [ -0.009138138451491, 51.413994836882658 ], [ -0.009216815865865, 51.413872070173944 ], [ -0.01051930710477, 51.413550652118836 ], [ -0.011819394771006, 51.413549328348068 ], [ -0.012764453550144, 51.413577044422624 ], [ -0.01348692958376, 51.413597383845591 ], [ -0.014236472588289, 51.413656846949472 ], [ -0.014239448248638, 51.413787294954773 ], [ -0.014239950683083, 51.413808886516357 ], [ -0.01436267942716, 51.413830749946712 ], [ -0.014351639202223, 51.413919593011286 ], [ -0.014532706676224, 51.413922659981864 ], [ -0.014283556147076, 51.414926547916174 ], [ -0.014281807529628, 51.414933712644981 ], [ -0.014248676879108, 51.414934950025987 ], [ -0.014126252744062, 51.414939171235304 ], [ -0.014125886545712, 51.415080354136293 ], [ -0.014126466813988, 51.415100148426454 ], [ -0.014400018670379, 51.415093091333404 ], [ -0.015197722526509, 51.415037354500271 ], [ -0.01582017595989, 51.415010121398474 ], [ -0.016436413605523, 51.414993571342336 ], [ -0.016542952057957, 51.414990877524779 ], [ -0.016859343185309, 51.414990834578248 ], [ -0.017338589614995, 51.415016027539728 ], [ -0.017961039738544, 51.415055330623183 ], [ -0.017955717944533, 51.415078622226602 ], [ -0.017820571011891, 51.415742712247457 ], [ -0.020235198187117, 51.415976854938052 ], [ -0.020280254408226, 51.41599919864106 ], [ -0.02033098153172, 51.416023436651024 ], [ -0.020442029161614, 51.416049592288147 ], [ -0.020514584144474, 51.416034629917512 ], [ -0.020556764448137, 51.415990377435271 ], [ -0.020570241981077, 51.415978014879272 ], [ -0.020669208409694, 51.415950908193651 ], [ -0.021014314465567, 51.416018784240343 ], [ -0.021014276933323, 51.416052956657957 ], [ -0.021015485040637, 51.416158194072125 ], [ -0.021434320102053, 51.416350516007668 ], [ -0.021468809761329, 51.41631782421392 ], [ -0.021692544431677, 51.416465485663366 ], [ -0.021935157413641, 51.416608968681949 ], [ -0.022159399290819, 51.416744946985432 ], [ -0.021710145922075, 51.417290431890279 ], [ -0.022529195132847, 51.417540760224682 ], [ -0.021946190170456, 51.41785287229699 ], [ -0.021608739503673, 51.418107073782998 ], [ -0.021452950377307, 51.418284302961361 ], [ -0.021358257824088, 51.41841220272623 ], [ -0.021282562311697, 51.418599776035919 ], [ -0.021239652222684, 51.418827471252264 ], [ -0.02120965321212, 51.419355746712213 ], [ -0.021192603807903, 51.419417509909316 ], [ -0.021166775749432, 51.419482722113216 ], [ -0.021062174368229, 51.419606857254891 ], [ -0.021015409789533, 51.4196906011476 ], [ -0.020985929236732, 51.4197404637627 ], [ -0.02087825679187, 51.419835769675565 ], [ -0.02078281922453, 51.419914195518743 ], [ -0.020751511584081, 51.419939746445479 ], [ -0.021013758312107, 51.420095253103078 ], [ -0.021072842526164, 51.42012592676231 ], [ -0.021313414358663, 51.42025049113608 ], [ -0.021580519661851, 51.420393488451971 ], [ -0.021648656931035, 51.420447696057373 ], [ -0.021607210945218, 51.420474874738872 ], [ -0.020933580661947, 51.420919446706698 ], [ -0.020921733169772, 51.420927340345891 ], [ -0.021298157552425, 51.421170205695915 ], [ -0.022076269201405, 51.421670747438412 ], [ -0.022213402002597, 51.421759392130276 ], [ -0.022237215726206, 51.421774182391907 ], [ -0.022329896526154, 51.421693011022079 ], [ -0.022368778831783, 51.421658594545342 ], [ -0.022526060195351, 51.421580311077172 ], [ -0.022580054630471, 51.421562336564811 ], [ -0.022692213849805, 51.421696423250374 ], [ -0.022907209633893, 51.421947352626205 ], [ -0.023087437656686, 51.422170716804835 ], [ -0.023131106066168, 51.422225410284234 ], [ -0.023435108165941, 51.422513810659787 ], [ -0.023680525007179, 51.422726581948929 ], [ -0.023900607226935, 51.422859788437961 ], [ -0.024162261344802, 51.423029666503957 ], [ -0.024401419420849, 51.423154200578921 ], [ -0.024744184715918, 51.423277781577319 ], [ -0.025089396158895, 51.423378021279625 ], [ -0.025462306254906, 51.423469733489917 ], [ -0.025572179754506, 51.42355701588582 ], [ -0.02563970693417, 51.423625599442367 ], [ -0.025722924356742, 51.423663871344758 ], [ -0.02574545769558, 51.423675042173912 ], [ -0.025751754100771, 51.423695831797616 ], [ -0.025770798208392, 51.423754606123325 ], [ -0.025793016947141, 51.42373969230399 ], [ -0.025973795916285, 51.423616835439262 ], [ -0.025989297290411, 51.423624290692985 ], [ -0.026164047441473, 51.423708168208691 ], [ -0.026810291273264, 51.42399962210078 ], [ -0.027014919916697, 51.424091195395036 ], [ -0.027153384945678, 51.424149280852902 ], [ -0.027397765068583, 51.424286486621888 ], [ -0.027766162166885, 51.424483332156854 ], [ -0.027768534165161, 51.424495062787805 ], [ -0.027784828773042, 51.424584366298362 ], [ -0.027798783721867, 51.424627766797414 ], [ -0.027817753466411, 51.424688338096075 ], [ -0.027869267961344, 51.42469460019948 ], [ -0.028387670532142, 51.42491554933013 ], [ -0.029443687260004, 51.425379346369539 ], [ -0.029618798255581, 51.425455131143515 ], [ -0.029767332764103, 51.425513382670452 ], [ -0.030080995036755, 51.425645451823584 ], [ -0.030216044771009, 51.425682792654989 ], [ -0.030273271835899, 51.425690048944404 ], [ -0.030399148267115, 51.425706551867066 ], [ -0.030573696300674, 51.425695094897002 ], [ -0.030995706679493, 51.425649123755306 ], [ -0.031971535150584, 51.425536007610219 ], [ -0.031916683477283, 51.4252724952051 ], [ -0.031794113042372, 51.42471018213228 ], [ -0.032341254364531, 51.424697781411417 ], [ -0.032969044627259, 51.424683133851005 ], [ -0.03310306052632, 51.424644014603466 ], [ -0.033347689745831, 51.424641822563942 ], [ -0.033561285006317, 51.424658893913765 ], [ -0.033560899372522, 51.42466788031733 ], [ -0.033561961710277, 51.42471016462266 ], [ -0.033636552766073, 51.424715012588223 ], [ -0.034213119514323, 51.424754355903367 ], [ -0.034212348499429, 51.424772328717907 ], [ -0.034201152182181, 51.425100380765194 ], [ -0.034235843074617, 51.425096465877651 ], [ -0.034467141243769, 51.425069767268802 ], [ -0.034858174099111, 51.425007975132544 ], [ -0.035584763205774, 51.425003968894011 ], [ -0.035848080154752, 51.425002087392421 ], [ -0.036131366885155, 51.425004137095463 ], [ -0.036471290551457, 51.424993645757645 ], [ -0.037459566445849, 51.424992214162813 ], [ -0.037731745600928, 51.424716194176973 ], [ -0.038059567724478, 51.424383550655172 ], [ -0.038284588999005, 51.4241337184434 ], [ -0.038450357075136, 51.423957534898804 ], [ -0.038591427513851, 51.423988673209259 ], [ -0.038937520832947, 51.424069105958665 ], [ -0.039511445348775, 51.424203709340091 ], [ -0.039784565555112, 51.424241551605519 ], [ -0.039894937592064, 51.4242505919756 ], [ -0.04028977611373, 51.4243012602467 ], [ -0.040685137751827, 51.424306072253053 ], [ -0.041043018318394, 51.424245507674016 ], [ -0.041166602402643, 51.424181026072795 ], [ -0.041327849487179, 51.424076705845422 ], [ -0.041640586994146, 51.423860707357626 ], [ -0.041686566906682, 51.42382820202856 ], [ -0.041581824719882, 51.423653788403129 ], [ -0.042810790989239, 51.423236365593638 ], [ -0.042845825142088, 51.423224360630918 ], [ -0.042916765081258, 51.423382021503969 ], [ -0.042989226777221, 51.423403015897662 ], [ -0.043293534117014, 51.423283095968415 ], [ -0.043528710634272, 51.423198892004059 ], [ -0.043753228908011, 51.423162171947844 ], [ -0.043799569887335, 51.423154851876177 ], [ -0.043664946012815, 51.422905300297316 ], [ -0.044403617929727, 51.422752159450319 ], [ -0.04626264740482, 51.422365895467642 ], [ -0.046239961296083, 51.422628109707233 ], [ -0.045992813437558, 51.422622190684351 ], [ -0.045991147877471, 51.422762452012655 ], [ -0.04598953851149, 51.422800195320882 ], [ -0.046865004215037, 51.422812090908039 ], [ -0.047216026018123, 51.422810746066318 ], [ -0.047215834546184, 51.422815239322318 ], [ -0.047205333959082, 51.42285912952903 ], [ -0.048527799305345, 51.422845186370473 ], [ -0.048721170945649, 51.422830420336254 ], [ -0.049078150165157, 51.422790499650418 ], [ -0.049306477085032, 51.422765523056214 ], [ -0.049743182483716, 51.422744913125257 ], [ -0.049981991000939, 51.42271021744547 ], [ -0.05035504685295, 51.422664265317898 ], [ -0.050461847198043, 51.422621976776242 ], [ -0.050711862832672, 51.42256048732844 ], [ -0.051227734881945, 51.422538490699893 ], [ -0.051747918201678, 51.42251656466906 ], [ -0.051736232426131, 51.422689933297157 ], [ -0.051738762104318, 51.422968755273338 ], [ -0.05178321309577, 51.423581011711519 ], [ -0.051839194624337, 51.423583741303496 ], [ -0.052505223999745, 51.423616398743249 ], [ -0.054754518225189, 51.423726613610178 ], [ -0.054762506297622, 51.423707861172403 ], [ -0.054865587705835, 51.423482052545317 ], [ -0.055128896685586, 51.422937857645273 ], [ -0.055766213999611, 51.423070740321734 ], [ -0.055781910691776, 51.42307369870727 ], [ -0.055804893446267, 51.42300663341549 ], [ -0.055814203948839, 51.422990600722784 ], [ -0.056284795194219, 51.422984920625964 ], [ -0.056389162388493, 51.422965968632823 ], [ -0.056404973434666, 51.422966230963077 ], [ -0.05655457403958, 51.422966015098915 ], [ -0.056709733571418, 51.422970387708773 ], [ -0.056762916197314, 51.422971269938543 ], [ -0.056988458131252, 51.423011881990433 ], [ -0.057721943863857, 51.423115773215059 ], [ -0.058099277910373, 51.423172389118832 ], [ -0.058096022326936, 51.423181328046681 ], [ -0.058054804064607, 51.423271473009159 ], [ -0.058104350657323, 51.423290280143789 ], [ -0.058404505833221, 51.423403170169401 ], [ -0.059249311410562, 51.423697747583823 ], [ -0.059578143900017, 51.423812908254462 ], [ -0.059849033922294, 51.423903726840187 ], [ -0.059959629197215, 51.423941530045425 ], [ -0.061397339002698, 51.424468033941416 ], [ -0.061467423023136, 51.424511460317305 ], [ -0.061458821861623, 51.424578764672816 ], [ -0.06154830042503, 51.424673771425567 ], [ -0.061419511042135, 51.424793943543186 ], [ -0.061612264148117, 51.424861881989372 ], [ -0.061951812146473, 51.424996098309755 ], [ -0.062140254578368, 51.425063964563904 ], [ -0.062301538223721, 51.425127784125721 ], [ -0.062577665694332, 51.42519710003684 ], [ -0.062593066080861, 51.425173073933337 ], [ -0.062787418312928, 51.425203266739494 ], [ -0.062895714145418, 51.425227539786704 ], [ -0.063436529018666, 51.425262560791488 ], [ -0.063434895775952, 51.425301203217636 ], [ -0.063463644702384, 51.425301678471641 ], [ -0.06440331742662, 51.425327100672838 ], [ -0.064506209076448, 51.425070704791032 ], [ -0.064578498640325, 51.4250620069717 ], [ -0.064636788376155, 51.425078257906591 ], [ -0.064844415362193, 51.425134745987172 ], [ -0.064848793920778, 51.42520136569653 ], [ -0.064850833803779, 51.425221183749564 ], [ -0.065032516455845, 51.425244868509886 ], [ -0.065051089399791, 51.425247873156906 ], [ -0.065262014515403, 51.425260349814359 ], [ -0.065509858075925, 51.425284227219812 ], [ -0.06581584063466, 51.425327949111413 ], [ -0.066036746408316, 51.425069903225015 ], [ -0.066717121629613, 51.425342826673557 ], [ -0.066906141384161, 51.425397205425803 ], [ -0.067443654968513, 51.425612910644638 ], [ -0.067941606310896, 51.425811773904584 ], [ -0.067981211093271, 51.425827715029548 ], [ -0.067908877580917, 51.425905659603984 ], [ -0.06788931879557, 51.425926020696714 ], [ -0.068218307378517, 51.42597011581573 ], [ -0.068637290778644, 51.425995010181964 ], [ -0.06866456482872, 51.425996359138836 ], [ -0.06876163715157, 51.42591162763987 ], [ -0.068816643811533, 51.425835195494976 ], [ -0.068856073481029, 51.425616418649177 ], [ -0.069203251572481, 51.425740847776858 ], [ -0.069580881954398, 51.425893655702865 ], [ -0.070248656319574, 51.426090811179549 ], [ -0.070291288465029, 51.426103204239702 ], [ -0.070318259815355, 51.426111742147853 ], [ -0.070333882781187, 51.426116495951518 ], [ -0.070375039646255, 51.42612976396974 ], [ -0.070417634011536, 51.426143055651842 ], [ -0.070458790924815, 51.426156323641401 ], [ -0.070501385339217, 51.426169615293787 ], [ -0.070545492952976, 51.426181133273566 ], [ -0.070588200958669, 51.426191728894239 ], [ -0.070633821787723, 51.426201473183333 ], [ -0.070639533854403, 51.426202466551494 ], [ -0.070709516152971, 51.426214410622372 ], [ -0.070779612020566, 51.426223658650756 ], [ -0.07085118323933, 51.426232031643188 ], [ -0.070922830167519, 51.426238607257964 ], [ -0.070957216159835, 51.426241871377663 ], [ -0.071028900959183, 51.426247548260825 ], [ -0.07110062361504, 51.426252326433143 ], [ -0.071172421959622, 51.42625530722708 ], [ -0.071320255455325, 51.426263137019227 ], [ -0.071525020811762, 51.426285393230103 ], [ -0.071901225034037, 51.426301478054434 ], [ -0.072193185287504, 51.42630268596605 ], [ -0.072354712759796, 51.426292754003008 ], [ -0.072762957026042, 51.426265298058908 ], [ -0.073046177754608, 51.426234884900893 ], [ -0.073369496413971, 51.426208727703823 ], [ -0.073625897077605, 51.42620035429789 ], [ -0.0737868933092, 51.426168828655442 ], [ -0.073833157161151, 51.426163294335772 ], [ -0.073880896265848, 51.426156884964101 ], [ -0.073909834775091, 51.426152864324841 ], [ -0.073904617257476, 51.426208534538588 ], [ -0.0739589928612, 51.426523280892866 ], [ -0.074140373507621, 51.427067635677787 ], [ -0.074301282986738, 51.427448882101686 ], [ -0.074464944174438, 51.427627833235817 ], [ -0.074769921064375, 51.428106771723741 ], [ -0.074918460393619, 51.428371805525025 ], [ -0.075002797280542, 51.428555747313801 ], [ -0.075067542715077, 51.428795123086871 ], [ -0.07502262798673, 51.429179281129535 ], [ -0.07494449445081, 51.429532317390006 ], [ -0.074901942960665, 51.429654820836099 ], [ -0.074867787820686, 51.429748684974307 ], [ -0.073560326223747, 51.431351308294325 ], [ -0.072835962579112, 51.432086703518777 ], [ -0.072738279339594, 51.432185816897714 ], [ -0.072682968057901, 51.432235267114066 ], [ -0.072604351420731, 51.432291528175064 ], [ -0.072514346680849, 51.432344903935622 ], [ -0.072435086201809, 51.432382269209086 ], [ -0.07235760366312, 51.432411570079871 ], [ -0.072190190949379, 51.432458276057503 ], [ -0.072051115081884, 51.432481167348207 ], [ -0.07158201706995, 51.432483338222895 ], [ -0.0713091995773, 51.432470753202892 ], [ -0.071084166078185, 51.432450860770665 ], [ -0.070917433894088, 51.432447215923546 ], [ -0.070669548570288, 51.43245752222051 ], [ -0.070367219865694, 51.432496607751595 ], [ -0.070161479923711, 51.432530988722604 ], [ -0.069958425693529, 51.432569910028597 ], [ -0.069596543361388, 51.432656573993647 ], [ -0.06950339565391, 51.432682017672185 ], [ -0.06899584711549, 51.432845416631068 ], [ -0.068576448754675, 51.432999475329247 ], [ -0.06772756760854, 51.433444114219341 ], [ -0.06712582596037, 51.433691384245954 ], [ -0.066683023203085, 51.43392238938106 ], [ -0.066118557305635, 51.434308760974631 ], [ -0.066017224680011, 51.434391621559307 ], [ -0.065948280802215, 51.434457030942887 ], [ -0.06588330836307, 51.434530599477476 ], [ -0.06580857070091, 51.434630985493968 ], [ -0.065762326351567, 51.434703963876117 ], [ -0.06558104405006, 51.435078673045069 ], [ -0.065390040879383, 51.435410954662423 ], [ -0.065060679832927, 51.435919010437964 ], [ -0.064774580253789, 51.43628838972888 ], [ -0.064585448780295, 51.436678255469324 ], [ -0.064534577653479, 51.436792524276072 ], [ -0.06450486106352, 51.436882861712888 ], [ -0.064441467030847, 51.436987031365838 ], [ -0.064394577935883, 51.437041113388659 ], [ -0.064339213798012, 51.437091458190324 ], [ -0.064219180205708, 51.437174008124288 ], [ -0.064132487679866, 51.437216640806241 ], [ -0.063957062357364, 51.437282087851408 ], [ -0.063525033752041, 51.437495273326128 ], [ -0.063431036854219, 51.437540482607673 ], [ -0.063431702001334, 51.437626825536867 ], [ -0.063517870699398, 51.437766740792433 ], [ -0.063675019766666, 51.437929412239868 ], [ -0.063681138851238, 51.437988866586217 ], [ -0.063707813151942, 51.438208734475737 ], [ -0.063726554672271, 51.438990528017328 ], [ -0.063775268910605, 51.439539900578879 ], [ -0.064027846336165, 51.440848945835015 ], [ -0.064254349445496, 51.440903049211926 ], [ -0.064645602087907, 51.441008435843642 ], [ -0.065000485129788, 51.441157285661042 ], [ -0.064585994107529, 51.441533536027528 ], [ -0.064251843754265, 51.441847262883272 ], [ -0.064193103715238, 51.441909242535068 ], [ -0.064140077375556, 51.441972215869733 ], [ -0.064057069732837, 51.442097644027932 ], [ -0.06384470226163, 51.442525793758143 ], [ -0.063707916952811, 51.442867961279873 ], [ -0.0636398240335, 51.443355150673312 ], [ -0.063724064805422, 51.444153314783307 ], [ -0.063687663923489, 51.444537609525703 ], [ -0.063614310354034, 51.444808882080125 ], [ -0.063458421512389, 51.445262245470985 ], [ -0.063339420526613, 51.445557943344198 ], [ -0.063219017908186, 51.445852718623911 ], [ -0.063058226177782, 51.446183696865667 ], [ -0.062875760459595, 51.446448668267841 ], [ -0.062543374108439, 51.446957565507851 ], [ -0.062317537718025, 51.44719304141725 ], [ -0.062194239879454, 51.447351974866756 ], [ -0.062054056403887, 51.447535808974514 ], [ -0.061801262635544, 51.447796018050738 ], [ -0.061357890672018, 51.44813850541599 ], [ -0.060946997703189, 51.448427571303249 ], [ -0.05965199751069, 51.448998760868818 ], [ -0.059035872933977, 51.449307802067189 ], [ -0.058661845103165, 51.449507541742264 ], [ -0.058593286877021, 51.449563060863063 ], [ -0.058075000613192, 51.449940265905418 ], [ -0.05753565550568, 51.450338702439822 ], [ -0.056517794352019, 51.449939621841324 ], [ -0.055409853773065, 51.449493173232852 ], [ -0.054723115031038, 51.449193998494252 ], [ -0.05430562669631, 51.448993717573735 ], [ -0.054055681662488, 51.448813304923625 ], [ -0.053981942120057, 51.448753626084759 ], [ -0.053928285185287, 51.44872935316139 ], [ -0.053882722393558, 51.448717804751062 ], [ -0.053762184046518, 51.448709507161446 ], [ -0.053619347258637, 51.448717925481994 ], [ -0.053554056665695, 51.448730330011763 ], [ -0.053438951254206, 51.448763489736436 ], [ -0.053044368410204, 51.448836969289012 ], [ -0.050928988178152, 51.449507736779211 ], [ -0.04990989446179, 51.449848695766704 ], [ -0.049340801218681, 51.450031669791144 ], [ -0.049061027189044, 51.450112443742789 ], [ -0.04869612648573, 51.450130647468399 ], [ -0.048214191751197, 51.450092043649612 ], [ -0.047732334526788, 51.450051640566244 ], [ -0.046915856057726, 51.449960693059737 ], [ -0.046485853335156, 51.449919350737574 ], [ -0.046125153407037, 51.449872867639641 ], [ -0.045849628742913, 51.450191117237473 ], [ -0.04545756289255, 51.450643214877317 ], [ -0.045153301689341, 51.450960084681775 ], [ -0.045170845037178, 51.451054803005242 ], [ -0.045098639780202, 51.451228959990722 ], [ -0.04497502558973, 51.451292545505034 ], [ -0.044848439939222, 51.45132460610175 ], [ -0.044482360439549, 51.451706990011203 ], [ -0.043860588869858, 51.452414244318 ], [ -0.043637199021357, 51.452656919936928 ], [ -0.043164083641759, 51.453118448422025 ], [ -0.042963770884902, 51.453191542170835 ], [ -0.042420086365604, 51.453889301594138 ], [ -0.041623077242573, 51.454990202871166 ], [ -0.041799548699423, 51.455037217911986 ], [ -0.041936492833547, 51.455099759290256 ], [ -0.042074798801116, 51.455164121848725 ], [ -0.042719999158939, 51.455492352499299 ], [ -0.043426686587714, 51.455931319941058 ], [ -0.044606763920653, 51.45657692845829 ], [ -0.044970216637479, 51.45666123243916 ], [ -0.046134785190229, 51.456963037680453 ] ] ] } },
{ "type": "Feature", "properties": { "objectid": 16, "name": "Lambeth", "gss_code": "E09000022", "hectares": 2724.94, "nonld_area": 43.927, "ons_inner": "T", "sub_2011": "Central" }, "geometry": { "type": "Polygon", "coordinates": [ [ [ -0.078280876429514, 51.420608616474816 ], [ -0.078299330195328, 51.420580142139471 ], [ -0.078310107444103, 51.420563232553775 ], [ -0.078378393895747, 51.42040967595387 ], [ -0.078419220422969, 51.420259265950499 ], [ -0.078469418845178, 51.42005685118184 ], [ -0.07850402165362, 51.420020548196476 ], [ -0.078534011066263, 51.419991363794544 ], [ -0.078563645204452, 51.419867748674214 ], [ -0.078522792847386, 51.419847294215991 ], [ -0.078648854319404, 51.419825081567836 ], [ -0.07907775743917, 51.419749382537077 ], [ -0.079299018236139, 51.419720636952313 ], [ -0.079688817663712, 51.419685661532931 ], [ -0.080066252254011, 51.419671165671581 ], [ -0.080266185379045, 51.419670845751568 ], [ -0.080569301858697, 51.419679410785868 ], [ -0.081717061258369, 51.419747675329731 ], [ -0.082320158243275, 51.419771040697505 ], [ -0.082851186357896, 51.419729374238003 ], [ -0.082861322574348, 51.419727741587764 ], [ -0.083308188848424, 51.419669407643937 ], [ -0.083869417070717, 51.419558986100981 ], [ -0.084985552890843, 51.419351520950919 ], [ -0.085513160826155, 51.419288203437979 ], [ -0.085837635257965, 51.419267427409281 ], [ -0.086053338310282, 51.419268254469237 ], [ -0.086159508605583, 51.41927448570884 ], [ -0.086399844128517, 51.419305390898643 ], [ -0.086593624405255, 51.419349024297951 ], [ -0.08680083978614, 51.419415358855147 ], [ -0.086944928139532, 51.419477964165509 ], [ -0.087738702957611, 51.419757113278763 ], [ -0.087985078603924, 51.41985016416573 ], [ -0.088164539909202, 51.419926834567221 ], [ -0.088426290466208, 51.420065099495631 ], [ -0.089021853069024, 51.420545141367711 ], [ -0.089341568301962, 51.420811148382555 ], [ -0.089558320892404, 51.420959468008753 ], [ -0.089694594513824, 51.421037230125265 ], [ -0.089788984946953, 51.421084632795882 ], [ -0.089883637811432, 51.421125744705087 ], [ -0.090018161604108, 51.421176499487409 ], [ -0.090171445980436, 51.421225761440802 ], [ -0.090817023717916, 51.421472796364974 ], [ -0.091075602573913, 51.421584025043522 ], [ -0.091368993528602, 51.42172279878173 ], [ -0.09174305839376, 51.421927634211862 ], [ -0.092114859613751, 51.422221460216178 ], [ -0.092281956136095, 51.422353678024493 ], [ -0.092708599066548, 51.422539582392155 ], [ -0.09298279687571, 51.422621384814875 ], [ -0.093180611008787, 51.42267226695877 ], [ -0.093408573316571, 51.422724538761955 ], [ -0.093618410956577, 51.422763025949031 ], [ -0.093893118399817, 51.422798071980978 ], [ -0.094075255654588, 51.422810927763834 ], [ -0.094320899821772, 51.422818521518828 ], [ -0.094565629880601, 51.422813509982042 ], [ -0.094813683063986, 51.422797760637138 ], [ -0.096160219844081, 51.422757603785193 ], [ -0.096880295131238, 51.422666787413036 ], [ -0.097209810758004, 51.422628975278016 ], [ -0.097487020297785, 51.422603801853782 ], [ -0.097784091799518, 51.422585245273972 ], [ -0.098082302062723, 51.422573900659032 ], [ -0.098362927923139, 51.422570363316716 ], [ -0.098786956771792, 51.422577246451389 ], [ -0.100118610652911, 51.422583565081226 ], [ -0.100747419633461, 51.422577575370596 ], [ -0.10420238177048, 51.422646138646968 ], [ -0.104590997813034, 51.422639838489687 ], [ -0.105090007511553, 51.422607445568346 ], [ -0.10577171368697, 51.422574408344261 ], [ -0.105961486340004, 51.422576578142717 ], [ -0.106029080829532, 51.422576771955264 ], [ -0.106159697664148, 51.422583380470506 ], [ -0.106489257846784, 51.42261388870493 ], [ -0.106994939232398, 51.42269850151758 ], [ -0.107861204493941, 51.422863577998868 ], [ -0.108662384870465, 51.423037489072975 ], [ -0.109186168248866, 51.423136773109576 ], [ -0.109347854111921, 51.423157368776124 ], [ -0.109577506307769, 51.423169169215754 ], [ -0.109824193426487, 51.423151568003099 ], [ -0.109914861563568, 51.423150333387028 ], [ -0.110041502055202, 51.423148779903222 ], [ -0.110465212859447, 51.423128638119572 ], [ -0.110878891059317, 51.423142505482744 ], [ -0.111498890408133, 51.423175885300139 ], [ -0.112027044269922, 51.423204184241214 ], [ -0.11265972311817, 51.42324405722438 ], [ -0.112686225827422, 51.423229196600452 ], [ -0.112727595862804, 51.423132741418087 ], [ -0.113000998330574, 51.422920421099967 ], [ -0.113269192452129, 51.422764670640802 ], [ -0.113796876871202, 51.42245482628023 ], [ -0.11393411527018, 51.422300562348816 ], [ -0.113960474125646, 51.422254224461859 ], [ -0.114056471078046, 51.422088504945151 ], [ -0.114104686245512, 51.422035324756365 ], [ -0.114195033907639, 51.421936959865441 ], [ -0.11443050541232, 51.421667371112527 ], [ -0.114436291862697, 51.421666564994425 ], [ -0.114466587530451, 51.421664354901402 ], [ -0.114486821615247, 51.421661982820879 ], [ -0.114510415713983, 51.421612902473171 ], [ -0.114554581135556, 51.421518290206045 ], [ -0.114846216087601, 51.421246906921176 ], [ -0.114828380707339, 51.421225936494167 ], [ -0.115301158803341, 51.420921496588832 ], [ -0.115356192373589, 51.420842346605916 ], [ -0.115422646670402, 51.420800250688011 ], [ -0.115568092051489, 51.420656008957543 ], [ -0.115689205308873, 51.420578821283989 ], [ -0.115881966682633, 51.420473110008764 ], [ -0.116140548785872, 51.420375651367145 ], [ -0.116533429025328, 51.420265064268335 ], [ -0.116899699822129, 51.420136961780642 ], [ -0.117081912729565, 51.420077841297825 ], [ -0.117720395565882, 51.419800336085011 ], [ -0.11775691682023, 51.419821606377212 ], [ -0.117821597956864, 51.419787574099225 ], [ -0.118082349265177, 51.419637088785464 ], [ -0.118208651332053, 51.419573471048736 ], [ -0.118344056878309, 51.419498308321842 ], [ -0.118426464676849, 51.419452869486172 ], [ -0.118841079508219, 51.419267981757507 ], [ -0.119069613777638, 51.419166435730638 ], [ -0.119481164527608, 51.418985992898868 ], [ -0.119820737048862, 51.41880709133202 ], [ -0.119996015015222, 51.41856620026384 ], [ -0.120026826843142, 51.418305904590817 ], [ -0.120107020300488, 51.418174098501282 ], [ -0.120202581096948, 51.418018258462403 ], [ -0.120308607656084, 51.417782550662224 ], [ -0.120447284471385, 51.417557258600276 ], [ -0.120658190188312, 51.417253988684763 ], [ -0.120760381121667, 51.417146815518393 ], [ -0.120823287695629, 51.417085774572115 ], [ -0.120820486922975, 51.417083931099853 ], [ -0.120826456959972, 51.417078631207765 ], [ -0.120769704551403, 51.417059735425482 ], [ -0.120745750620009, 51.417047660634509 ], [ -0.120830620900333, 51.416977079952922 ], [ -0.120895886087944, 51.416998810061664 ], [ -0.120942245801684, 51.416955489139006 ], [ -0.12102457275819, 51.416876774031607 ], [ -0.121109110367188, 51.41677920953093 ], [ -0.121186055840091, 51.416656343504215 ], [ -0.121308144103037, 51.416519812869673 ], [ -0.121458827963533, 51.416352265926612 ], [ -0.121548227813548, 51.416241289848564 ], [ -0.121577781639268, 51.416186907865288 ], [ -0.121677718540924, 51.415994266516662 ], [ -0.121910171276894, 51.415796555009436 ], [ -0.122179803679869, 51.415568863433677 ], [ -0.122248491760323, 51.415507014918369 ], [ -0.12245543845309, 51.415299900590398 ], [ -0.122478247871214, 51.41526969069016 ], [ -0.122505663309857, 51.4152323603778 ], [ -0.122468368874557, 51.415194892459084 ], [ -0.122455022327124, 51.4150292117574 ], [ -0.12255691435757, 51.415034441503082 ], [ -0.122967393886352, 51.415054506971032 ], [ -0.122989945216141, 51.415030587753684 ], [ -0.123096768821701, 51.414915392934034 ], [ -0.123379694716787, 51.414713990071135 ], [ -0.123649803348211, 51.414649970607691 ], [ -0.123889291939039, 51.414631323389344 ], [ -0.12404837288445, 51.414609589842314 ], [ -0.124166350976537, 51.41439745046349 ], [ -0.124284695741705, 51.414176324003371 ], [ -0.124367888864915, 51.414005893570533 ], [ -0.124432744159665, 51.414002435264138 ], [ -0.12446991124075, 51.413832167307142 ], [ -0.124502031172907, 51.413679804106586 ], [ -0.124521921403744, 51.413580302567446 ], [ -0.124482999681013, 51.413477161916241 ], [ -0.124441571619522, 51.413364988361572 ], [ -0.124471971837344, 51.413360079250666 ], [ -0.124910545080286, 51.413290659100483 ], [ -0.124912018965752, 51.41328978340578 ], [ -0.125563103352955, 51.412911711112287 ], [ -0.125650972057045, 51.412767433324703 ], [ -0.125760065987182, 51.412631588422514 ], [ -0.125992672446148, 51.412780991625212 ], [ -0.126204458530602, 51.412912075920545 ], [ -0.126233903074321, 51.412930532322733 ], [ -0.126245583650984, 51.412926222690714 ], [ -0.126589071530912, 51.412790527407921 ], [ -0.127313222262532, 51.412524224020252 ], [ -0.127402280476902, 51.412491474467252 ], [ -0.127725783837475, 51.412316787142657 ], [ -0.12773208283596, 51.412303398561718 ], [ -0.127754257779039, 51.412253393092783 ], [ -0.127862184176513, 51.4120051171125 ], [ -0.127898037847881, 51.412007488425488 ], [ -0.132073932922012, 51.412292648301062 ], [ -0.132075370017614, 51.412292671207183 ], [ -0.132688579898126, 51.412348307202144 ], [ -0.133177963715766, 51.412478406845196 ], [ -0.133546440523623, 51.412576003227862 ], [ -0.133541836440698, 51.41258312418509 ], [ -0.133454870957414, 51.41270584048204 ], [ -0.13334808793582, 51.412856118876746 ], [ -0.13332827084281, 51.412883681063533 ], [ -0.133551994934079, 51.412934007414485 ], [ -0.133713357752513, 51.412679381600036 ], [ -0.133727096763567, 51.412659816111038 ], [ -0.133742894933253, 51.412624995552164 ], [ -0.133777365409545, 51.412555400194783 ], [ -0.133806176989641, 51.412412872541857 ], [ -0.133832376607829, 51.412157892523076 ], [ -0.133839688216705, 51.412084267496681 ], [ -0.133896358854837, 51.411822578353586 ], [ -0.134070191970587, 51.411014189925545 ], [ -0.134074017252725, 51.410990869381301 ], [ -0.134398301146993, 51.411078766213109 ], [ -0.134766732969711, 51.411177256985631 ], [ -0.134990963850703, 51.411214996126887 ], [ -0.135189099465023, 51.411222639976479 ], [ -0.135453706903358, 51.411222346347223 ], [ -0.135881764012754, 51.411304684136454 ], [ -0.136626300661986, 51.411454994163314 ], [ -0.13751689199631, 51.411656178306181 ], [ -0.138076125558395, 51.411801740836822 ], [ -0.138247168636327, 51.411874597937029 ], [ -0.138498471724957, 51.411954123191386 ], [ -0.138647580551582, 51.412000552563541 ], [ -0.139350001193396, 51.412196940937569 ], [ -0.139382690217653, 51.412206451917413 ], [ -0.13952427240718, 51.412225782252868 ], [ -0.139990324735983, 51.41236446341798 ], [ -0.141183752576768, 51.412758369569453 ], [ -0.142020551433784, 51.413116943616572 ], [ -0.142556455371804, 51.413342152963587 ], [ -0.142649688801635, 51.413348124554986 ], [ -0.143004056005478, 51.41315588685633 ], [ -0.144209817131998, 51.412571529961362 ], [ -0.144377034962753, 51.412490539170534 ], [ -0.144459679470169, 51.41247385964477 ], [ -0.144549545983125, 51.412456394912581 ], [ -0.144597317051294, 51.412413084670582 ], [ -0.144780706270104, 51.412394399933632 ], [ -0.144806683823098, 51.412392112581294 ], [ -0.144844231202265, 51.412388209473441 ], [ -0.145144266854283, 51.412543132011351 ], [ -0.145480593871938, 51.412547546196834 ], [ -0.145798238157058, 51.412551664336696 ], [ -0.14677865886836, 51.412559951062761 ], [ -0.147504917179299, 51.412736883300511 ], [ -0.148064704710415, 51.412869817706557 ], [ -0.147866118126371, 51.413051039692718 ], [ -0.147586290700933, 51.413320908598841 ], [ -0.147542905588286, 51.41336249071972 ], [ -0.147303912623536, 51.413582642874218 ], [ -0.147057658802156, 51.413804478461721 ], [ -0.146839359801364, 51.413939523489482 ], [ -0.146658515676214, 51.414037389170247 ], [ -0.146382072492735, 51.414187702554543 ], [ -0.146115324341772, 51.414347161266583 ], [ -0.146113887145751, 51.414347138569624 ], [ -0.145650825768275, 51.414631195048742 ], [ -0.145159269077914, 51.4149085042785 ], [ -0.144321753763978, 51.415347610848741 ], [ -0.14432591987733, 51.415351273869348 ], [ -0.144641782274033, 51.415577492139718 ], [ -0.144983699965788, 51.415799624913809 ], [ -0.144890607205358, 51.415861104086289 ], [ -0.143707868895388, 51.416656263990483 ], [ -0.143023004346325, 51.417124752842817 ], [ -0.143234571815159, 51.41726299275421 ], [ -0.141572726924182, 51.418415653929188 ], [ -0.14037967842025, 51.419249276977638 ], [ -0.139484072326072, 51.4198762704223 ], [ -0.139020930610394, 51.420195366209029 ], [ -0.138493273755474, 51.42057998324195 ], [ -0.138145862985743, 51.420846953807633 ], [ -0.137826087467323, 51.421106268155818 ], [ -0.138276234073654, 51.422027978068463 ], [ -0.138490788348634, 51.422624007406071 ], [ -0.13850477484239, 51.422669193289451 ], [ -0.138799314132466, 51.423633397502549 ], [ -0.138840705230138, 51.423818406496174 ], [ -0.138896365231412, 51.424572886114149 ], [ -0.138907131665402, 51.424768200668815 ], [ -0.138900626822904, 51.425282485629687 ], [ -0.138846135439416, 51.426092771957457 ], [ -0.138738715831191, 51.426824880346146 ], [ -0.138515606717696, 51.427996698950537 ], [ -0.138463645030041, 51.428319615027647 ], [ -0.138411467105863, 51.428754038272352 ], [ -0.138385344796169, 51.429078263594498 ], [ -0.138368462522782, 51.429564505842052 ], [ -0.138338869723159, 51.429974107533546 ], [ -0.138359983703006, 51.430339550096463 ], [ -0.138356710020968, 51.430455505165455 ], [ -0.138356636976295, 51.430457302564619 ], [ -0.138361292057392, 51.430484354836089 ], [ -0.138372783693387, 51.430555580313261 ], [ -0.137686103197684, 51.430496117330094 ], [ -0.137197459721286, 51.4304487888244 ], [ -0.136681939946719, 51.430390239993493 ], [ -0.135905165781413, 51.430317644772458 ], [ -0.135469756879893, 51.430270256052381 ], [ -0.13535363410125, 51.430260316405423 ], [ -0.13530630044884, 51.430256866017558 ], [ -0.135238385678618, 51.430334922547743 ], [ -0.13533919588872, 51.430650372925932 ], [ -0.135568260648338, 51.431207969181507 ], [ -0.135843918335349, 51.431964146767058 ], [ -0.1361244928144, 51.432847200236687 ], [ -0.136429847791224, 51.433828668450182 ], [ -0.136496826066694, 51.433915164289495 ], [ -0.136660441941036, 51.43392495868197 ], [ -0.136906158328247, 51.433932460272068 ], [ -0.137573243937493, 51.433802770383352 ], [ -0.137831850594027, 51.433776302171708 ], [ -0.138203051538109, 51.434059174519085 ], [ -0.13908452948567, 51.434814173562977 ], [ -0.139463926842318, 51.435179006924876 ], [ -0.139622400868034, 51.435315514161601 ], [ -0.139671928318211, 51.435442199130485 ], [ -0.139733366621758, 51.435665295971866 ], [ -0.139779390587363, 51.435878256155156 ], [ -0.139851696704729, 51.436258899298338 ], [ -0.139947256836421, 51.436881817524771 ], [ -0.13988692302066, 51.4370211478819 ], [ -0.139711468072766, 51.43730253624215 ], [ -0.139355564786005, 51.437563074942375 ], [ -0.139299609840333, 51.437594560917887 ], [ -0.139093518968748, 51.437709095317523 ], [ -0.138956273651257, 51.437758175600912 ], [ -0.138483303282667, 51.437925126530921 ], [ -0.138281157385075, 51.438048714802001 ], [ -0.137977504500365, 51.438262416845745 ], [ -0.137789784399932, 51.438420405853755 ], [ -0.137658032938097, 51.438581981482365 ], [ -0.137478487968715, 51.438821934037257 ], [ -0.137375603629249, 51.439087384810342 ], [ -0.13735778950022, 51.43938386332524 ], [ -0.137355803245775, 51.439397320926794 ], [ -0.137277667124578, 51.439691042354383 ], [ -0.137234211285609, 51.439733517139622 ], [ -0.137234113921593, 51.439771285239473 ], [ -0.137276193047815, 51.439798032934334 ], [ -0.137260619299645, 51.439862533430187 ], [ -0.137450299334485, 51.440010331028816 ], [ -0.137462181171494, 51.440036598862264 ], [ -0.137492659639947, 51.440100931821739 ], [ -0.137471955510647, 51.440150063118658 ], [ -0.137451543752595, 51.440192004836454 ], [ -0.137407563425428, 51.440211989404894 ], [ -0.137346218116209, 51.440340510583148 ], [ -0.137022901719048, 51.440258934091666 ], [ -0.137021354049023, 51.440261607326335 ], [ -0.136985733377972, 51.440252947718598 ], [ -0.136781841333387, 51.440595928701924 ], [ -0.136662681111247, 51.440730724667738 ], [ -0.136398557534662, 51.4411392937998 ], [ -0.136078529055311, 51.441542476806369 ], [ -0.135916184010255, 51.441783598987477 ], [ -0.135878350350254, 51.442006017786603 ], [ -0.135954383653403, 51.442011723353396 ], [ -0.135997598081172, 51.442010612034331 ], [ -0.136369833339753, 51.441915812021755 ], [ -0.136391209432713, 51.441885576487813 ], [ -0.13672546889205, 51.441804559920122 ], [ -0.137325873210507, 51.441725074178109 ], [ -0.137344677325067, 51.441722675164328 ], [ -0.137859480975246, 51.441695782956032 ], [ -0.139016099079141, 51.441703360631948 ], [ -0.140778693538256, 51.441742122989545 ], [ -0.141589892961245, 51.441751390093089 ], [ -0.142333067479355, 51.4417703648814 ], [ -0.142743054696922, 51.441773264724098 ], [ -0.143245603590939, 51.441800111436748 ], [ -0.143595137640407, 51.441838921195945 ], [ -0.143798016058124, 51.442300767454874 ], [ -0.143977946528063, 51.442654335964384 ], [ -0.144312241506457, 51.443246858751237 ], [ -0.14444155686155, 51.44346473314058 ], [ -0.144568597683913, 51.443703254804049 ], [ -0.144724129208676, 51.443913450319613 ], [ -0.144829346566036, 51.444086878101253 ], [ -0.145120482454826, 51.444466485241811 ], [ -0.145381386102149, 51.444917555631115 ], [ -0.145577923918456, 51.445394585469579 ], [ -0.145662415416964, 51.445831173398155 ], [ -0.145670917394158, 51.445869976912505 ], [ -0.145653040531188, 51.445884981852053 ], [ -0.145563656039706, 51.445960006506475 ], [ -0.145560907372849, 51.445992337078742 ], [ -0.145540647786232, 51.446314857850069 ], [ -0.145414854387778, 51.446862327288834 ], [ -0.145257817493227, 51.447328367065602 ], [ -0.145149386165394, 51.447660283883117 ], [ -0.144911528152413, 51.448238353403212 ], [ -0.144769666518396, 51.448542762403747 ], [ -0.144622051948074, 51.448704994069224 ], [ -0.144043189164616, 51.449032160559966 ], [ -0.143591708011212, 51.449305586343357 ], [ -0.143334611777809, 51.449505650761886 ], [ -0.143048051313803, 51.449793377219031 ], [ -0.142927737815396, 51.449920967381658 ], [ -0.142795370308099, 51.450061855627816 ], [ -0.142558179500326, 51.45033867246574 ], [ -0.142418176422197, 51.450561273465425 ], [ -0.142347051382348, 51.450753490325134 ], [ -0.142302378839704, 51.450967708949044 ], [ -0.142297079360679, 51.450991905372291 ], [ -0.143121876810971, 51.451095800296486 ], [ -0.143586748561059, 51.451167011666634 ], [ -0.143743107547652, 51.451215350716303 ], [ -0.144595951119097, 51.451479749839216 ], [ -0.146544280760572, 51.452024055926451 ], [ -0.147334466733832, 51.452237084444029 ], [ -0.147704518255084, 51.45234005351297 ], [ -0.147352553846659, 51.452963981926935 ], [ -0.147605603085367, 51.452970678535891 ], [ -0.147625667970476, 51.452972794129749 ], [ -0.1477552396758, 51.453861523170346 ], [ -0.147932612513535, 51.454742913543157 ], [ -0.147976249224394, 51.454873997221611 ], [ -0.147944535484363, 51.454946337198855 ], [ -0.147951540748925, 51.455128999920618 ], [ -0.148054753564282, 51.455957959768313 ], [ -0.148128533703382, 51.456411458475984 ], [ -0.148308083032965, 51.457203854111079 ], [ -0.148315447773102, 51.457306487288257 ], [ -0.148340381205217, 51.457366232928514 ], [ -0.14863929963059, 51.457912314178046 ], [ -0.148939061114454, 51.45843772454559 ], [ -0.148941720260851, 51.458443162147688 ], [ -0.149191930358965, 51.458876962991759 ], [ -0.149273807510784, 51.459094978518685 ], [ -0.149365196471534, 51.459362603740082 ], [ -0.149646101645494, 51.46124560355117 ], [ -0.149668270843747, 51.461302607137334 ], [ -0.149677433536596, 51.461325233372619 ], [ -0.149760093846532, 51.461488405586323 ], [ -0.149905280164995, 51.461707419513182 ], [ -0.150029663951217, 51.461871249834445 ], [ -0.150359627668547, 51.462255945363488 ], [ -0.150437276884592, 51.462365082071635 ], [ -0.150510574030376, 51.462475049344832 ], [ -0.150635407094712, 51.46269913685564 ], [ -0.150706635999468, 51.462860329507386 ], [ -0.150767998784204, 51.463051941538779 ], [ -0.150942157427743, 51.463837048894504 ], [ -0.150957472228573, 51.463956892681161 ], [ -0.150966725189401, 51.464226818175682 ], [ -0.151206399699729, 51.46588524515753 ], [ -0.150445333976345, 51.465978457258153 ], [ -0.150540668667922, 51.466327077252544 ], [ -0.150616466141523, 51.46726620614605 ], [ -0.150618214009738, 51.46740112356926 ], [ -0.150593708371277, 51.467615661577248 ], [ -0.150320295508084, 51.467683290349193 ], [ -0.149404098045863, 51.468015951327352 ], [ -0.147273402614568, 51.468864485991048 ], [ -0.146089525527489, 51.469334975885396 ], [ -0.143215692386074, 51.470468444531193 ], [ -0.14307536508314, 51.470520178486275 ], [ -0.142651804400961, 51.470064736465041 ], [ -0.141558915944091, 51.470632843839248 ], [ -0.141470644306002, 51.470679106000198 ], [ -0.1417593504168, 51.470909397279179 ], [ -0.140956283509576, 51.471289648383653 ], [ -0.140317583684073, 51.471593365339359 ], [ -0.139841835440031, 51.471324132980449 ], [ -0.139716220331193, 51.471368002932373 ], [ -0.139291156367998, 51.471516832237775 ], [ -0.139430903909012, 51.471656637436162 ], [ -0.139553502089306, 51.471722430490935 ], [ -0.139574648560509, 51.471733557183775 ], [ -0.139477044691639, 51.471796755887688 ], [ -0.139423911562431, 51.471793215077852 ], [ -0.13924535827222, 51.471864121874262 ], [ -0.139184408928932, 51.471875744469983 ], [ -0.139134665300645, 51.471859667576567 ], [ -0.139041217559812, 51.471891457529487 ], [ -0.138721545469708, 51.4719978931914 ], [ -0.13870184752723, 51.471915747235848 ], [ -0.138653602608052, 51.471862823973872 ], [ -0.13849093655252, 51.471897111853231 ], [ -0.138324112763785, 51.471962807852741 ], [ -0.138249042209782, 51.472002982331034 ], [ -0.138017781242296, 51.472130603568516 ], [ -0.137823946018342, 51.472293890096985 ], [ -0.137467478278262, 51.472596677589721 ], [ -0.13689296876663, 51.473091141060721 ], [ -0.13663588323893, 51.472933281608796 ], [ -0.136467518299127, 51.47282449265839 ], [ -0.136363263029669, 51.472767980556299 ], [ -0.136349275388838, 51.472757866320691 ], [ -0.136333812136553, 51.472748627899719 ], [ -0.136318312292865, 51.472740288162484 ], [ -0.136302812454846, 51.472731948423231 ], [ -0.136285873603047, 51.472723585811899 ], [ -0.136268898158858, 51.472716121883877 ], [ -0.136250483701308, 51.472708635082938 ], [ -0.136233508268519, 51.472701171149872 ], [ -0.136054996759618, 51.472700132417401 ], [ -0.135884826526799, 51.472706420147865 ], [ -0.135762070652253, 51.472715259935981 ], [ -0.135679314382518, 51.47273192965617 ], [ -0.135571472309542, 51.472763488031759 ], [ -0.135323664160808, 51.472872855600762 ], [ -0.135213807437142, 51.472953841331467 ], [ -0.135046593766078, 51.473099561340121 ], [ -0.134773691194819, 51.473329929575115 ], [ -0.134722471926605, 51.473314726525523 ], [ -0.134696898935814, 51.473306226307628 ], [ -0.134532670281452, 51.473449295002865 ], [ -0.134461256101659, 51.473646896957256 ], [ -0.134469151857191, 51.473771121494529 ], [ -0.134476943552713, 51.47379192861132 ], [ -0.134512171124098, 51.47388151654976 ], [ -0.134454132674309, 51.473892283653306 ], [ -0.134424069299745, 51.473923279705126 ], [ -0.134436701317776, 51.4739666455215 ], [ -0.13450884765387, 51.473998368447539 ], [ -0.134681408996226, 51.474074853610475 ], [ -0.134902386296802, 51.474164698379568 ], [ -0.135205511934083, 51.474288222314804 ], [ -0.134847776299353, 51.474656628268242 ], [ -0.134832762805462, 51.474671676999847 ], [ -0.134927862565699, 51.474705563277617 ], [ -0.134685766939366, 51.47495710424689 ], [ -0.134502798952979, 51.474888546952684 ], [ -0.134495273793369, 51.474896520637394 ], [ -0.13421897631513, 51.475174494497161 ], [ -0.134086609398178, 51.475277602495389 ], [ -0.134032186120102, 51.475552811423263 ], [ -0.133955273517772, 51.475637916924519 ], [ -0.13385838651659, 51.475683136816507 ], [ -0.133858398783027, 51.475859393005251 ], [ -0.133808645340678, 51.475949426969287 ], [ -0.133620976812935, 51.476243197570732 ], [ -0.133294269425455, 51.47669752154269 ], [ -0.133069772292185, 51.477011388087455 ], [ -0.132607229268165, 51.477653292399545 ], [ -0.132250066914759, 51.478147595469629 ], [ -0.132082217544622, 51.478378730786318 ], [ -0.132036436809376, 51.478441849343753 ], [ -0.131967648905896, 51.478433559418768 ], [ -0.131964623752779, 51.478437108287537 ], [ -0.131963184556593, 51.478437085360433 ], [ -0.131944556648583, 51.478470061420438 ], [ -0.131852113858538, 51.478617866738162 ], [ -0.131804571260866, 51.478724121869064 ], [ -0.131711254858893, 51.478928566868156 ], [ -0.131586723164011, 51.479156794586629 ], [ -0.131519433953601, 51.479252843050652 ], [ -0.131387358283111, 51.479418901057244 ], [ -0.131319913678062, 51.479483472651815 ], [ -0.131143579811755, 51.479604761098173 ], [ -0.130960093019296, 51.479760107354373 ], [ -0.130828718768879, 51.479944161232737 ], [ -0.130636799303724, 51.4802000902841 ], [ -0.130619976133856, 51.480224102257232 ], [ -0.13055838208922, 51.480215926209738 ], [ -0.130542924683027, 51.480241758475806 ], [ -0.130416422999188, 51.480447471949603 ], [ -0.130345626529122, 51.480558751349513 ], [ -0.130327877961347, 51.480570158814416 ], [ -0.13032333982337, 51.480575482049275 ], [ -0.130286440118002, 51.480597375341489 ], [ -0.130195038880052, 51.480648974615818 ], [ -0.13016404302851, 51.480667364947173 ], [ -0.1299226035753, 51.481183290145644 ], [ -0.129434094176221, 51.481366142908577 ], [ -0.129143192779863, 51.481471212589526 ], [ -0.128610536985199, 51.481641667196463 ], [ -0.127964918369321, 51.481862473524295 ], [ -0.127471519588633, 51.482023657790741 ], [ -0.127380784502612, 51.482410691573982 ], [ -0.12725492441288, 51.482881695290985 ], [ -0.127136147964333, 51.483355509788957 ], [ -0.127024134725715, 51.483628896002024 ], [ -0.126848599194845, 51.483870692600455 ], [ -0.126338781965833, 51.484466858213011 ], [ -0.126506971508749, 51.484510012529171 ], [ -0.127027445594329, 51.484602857940786 ], [ -0.127702345229877, 51.484723346227781 ], [ -0.1280110412565, 51.484747159076697 ], [ -0.12814685919612, 51.484736737288742 ], [ -0.128343456422653, 51.484965592128866 ], [ -0.128430753452009, 51.485049718272499 ], [ -0.128560979889275, 51.485175895882904 ], [ -0.129054828214943, 51.485602835864611 ], [ -0.129211482438514, 51.485716844554396 ], [ -0.129386371882584, 51.485842834414605 ], [ -0.129466396569365, 51.485893570741069 ], [ -0.129283677981512, 51.485994072232884 ], [ -0.129111407385025, 51.486120818966612 ], [ -0.12882196211162, 51.486330227293365 ], [ -0.12839304809589, 51.486639026701525 ], [ -0.128173647028908, 51.486826170285475 ], [ -0.127879436896959, 51.48708136307507 ], [ -0.127718710869442, 51.487207392834385 ], [ -0.127502621362719, 51.487348725272092 ], [ -0.127368393012606, 51.48746078932033 ], [ -0.127215119388577, 51.487580642512903 ], [ -0.127141896863788, 51.487645119914241 ], [ -0.127119457716014, 51.487665444779267 ], [ -0.126739907440087, 51.487999306921381 ], [ -0.126590657137405, 51.488161489295365 ], [ -0.126243547066074, 51.488547126504265 ], [ -0.125462978334579, 51.489386261588045 ], [ -0.125001208668875, 51.489897758857602 ], [ -0.12482123752277, 51.490106209943349 ], [ -0.124674410084103, 51.490279219930727 ], [ -0.124535074379965, 51.490445155381096 ], [ -0.124164457754309, 51.490981488136661 ], [ -0.124005408306598, 51.491206459509783 ], [ -0.123947974908852, 51.49130715835296 ], [ -0.123923947095139, 51.491401197389713 ], [ -0.123921846038238, 51.491522565293536 ], [ -0.123928828706841, 51.491773573447738 ], [ -0.123915211570421, 51.491929828672063 ], [ -0.123850543638578, 51.492101454099156 ], [ -0.123781222195004, 51.492246027252925 ], [ -0.123701968964076, 51.492386844752346 ], [ -0.123569928828687, 51.492515127064699 ], [ -0.123499755512497, 51.492610226689671 ], [ -0.123436780082147, 51.492705441444066 ], [ -0.12334766869039, 51.492875777025368 ], [ -0.123228397041084, 51.493113974774047 ], [ -0.123159808469595, 51.493275645875052 ], [ -0.123059361138381, 51.493511446864872 ], [ -0.122984274068146, 51.493690999346882 ], [ -0.122899436911456, 51.494072732500932 ], [ -0.122857867249628, 51.494242929321501 ], [ -0.122801085458973, 51.494537881792979 ], [ -0.12276678651973, 51.494741468102099 ], [ -0.122679511878102, 51.495007155630823 ], [ -0.12247637609037, 51.495883394186173 ], [ -0.12240832909246, 51.496206942840999 ], [ -0.122370590978674, 51.49649410643719 ], [ -0.122363888563586, 51.497112699784431 ], [ -0.122312738132978, 51.497691013407483 ], [ -0.122235301423827, 51.498242827156538 ], [ -0.122115176899658, 51.498991797582455 ], [ -0.122048631569026, 51.49941878643444 ], [ -0.121734135407259, 51.501250067542649 ], [ -0.121406419207703, 51.503191746845843 ], [ -0.121309466252486, 51.503691988662275 ], [ -0.12124963428836, 51.503955416743786 ], [ -0.121189866090031, 51.504357333956726 ], [ -0.121083604561766, 51.504838541683014 ], [ -0.121027061553642, 51.505021986966987 ], [ -0.120881075314907, 51.505382954713404 ], [ -0.120778367422216, 51.505672673806444 ], [ -0.120647528743298, 51.50587561181117 ], [ -0.120523709985935, 51.506013015192984 ], [ -0.120440215032799, 51.506115992965782 ], [ -0.119961841081114, 51.506674868518061 ], [ -0.119636974312352, 51.507040161576846 ], [ -0.119215097557239, 51.507416488077219 ], [ -0.118702190782013, 51.507798547266148 ], [ -0.118315130699668, 51.50809899077958 ], [ -0.118037238526854, 51.50826809234465 ], [ -0.117779585352787, 51.508400647861421 ], [ -0.117614331523154, 51.508459146657721 ], [ -0.117432976455591, 51.508523681731624 ], [ -0.116868449800529, 51.508724151008273 ], [ -0.116291210815748, 51.508953190470741 ], [ -0.115787909103244, 51.509101580983092 ], [ -0.115539931598381, 51.509174035906398 ], [ -0.115272088091769, 51.509238976912556 ], [ -0.114933379699785, 51.509309972728047 ], [ -0.11455545216724, 51.509388430683799 ], [ -0.11388656749837, 51.509498180505474 ], [ -0.11269798863671, 51.509664314127598 ], [ -0.1120236789896, 51.509730800856495 ], [ -0.111438369840439, 51.509770839081639 ], [ -0.111048039259502, 51.509800525202436 ], [ -0.110591758359732, 51.50982195355445 ], [ -0.11035671456413, 51.509825361639415 ], [ -0.109913617867556, 51.509841604080179 ], [ -0.109162947719517, 51.509872671468585 ], [ -0.109153324846639, 51.509826653183481 ], [ -0.109115205779559, 51.509633593253646 ], [ -0.108899397118354, 51.508442169012 ], [ -0.108896081965869, 51.508417835118514 ], [ -0.10883689537237, 51.508072458248769 ], [ -0.108774245628394, 51.507706342136856 ], [ -0.108567630049889, 51.5077542693599 ], [ -0.108480926499828, 51.507760065436557 ], [ -0.108399013158681, 51.50747637181977 ], [ -0.108380937302837, 51.507425720858215 ], [ -0.108265506041686, 51.507116306846015 ], [ -0.108219535113493, 51.507008551566528 ], [ -0.108150113655137, 51.506910310075135 ], [ -0.107338148937534, 51.507065375892246 ], [ -0.106571417912026, 51.505295815049692 ], [ -0.106567246947358, 51.505292150611766 ], [ -0.106440275561284, 51.504983447476718 ], [ -0.106409134602925, 51.504830966945661 ], [ -0.106409226483087, 51.504689781959001 ], [ -0.106441719977254, 51.504496962006378 ], [ -0.106520218151856, 51.504306683278848 ], [ -0.106541062340682, 51.504255760989722 ], [ -0.106574151232798, 51.50404856217866 ], [ -0.106494481727481, 51.503641702123375 ], [ -0.106493041763364, 51.503641678876818 ], [ -0.106370194982618, 51.503372610306585 ], [ -0.107432614222065, 51.503013860479591 ], [ -0.106726193503028, 51.502223685586188 ], [ -0.106111447028243, 51.502524011256845 ], [ -0.10605544325685, 51.502415193655445 ], [ -0.106025260401271, 51.502274419003086 ], [ -0.106039612820256, 51.502206305692269 ], [ -0.106061523679187, 51.502164393475056 ], [ -0.106090149493234, 51.502134280290171 ], [ -0.105922303655436, 51.502047037777601 ], [ -0.105961232544088, 51.502011695344656 ], [ -0.106501958484292, 51.501585175982093 ], [ -0.106678666781076, 51.501667165079169 ], [ -0.106800427671388, 51.501580102130262 ], [ -0.107821195158113, 51.500799815209952 ], [ -0.108163536857699, 51.50053555468525 ], [ -0.108202686063605, 51.500494819466354 ], [ -0.10832830019759, 51.500349364447274 ], [ -0.109095821575572, 51.499107252534387 ], [ -0.109445191540029, 51.498498679823804 ], [ -0.109494884850749, 51.498377179425198 ], [ -0.109491011856033, 51.498366325692587 ], [ -0.110270169883252, 51.496876193679753 ], [ -0.110278670083126, 51.496844856005119 ], [ -0.110269866451433, 51.496779067053474 ], [ -0.111417370683983, 51.496448632231562 ], [ -0.110947703823346, 51.495577763823682 ], [ -0.11093218405556, 51.495500176153719 ], [ -0.110788381431112, 51.495424119192137 ], [ -0.110639209182047, 51.495408227004866 ], [ -0.110559143080795, 51.495393447987979 ], [ -0.110482179515005, 51.495373323248678 ], [ -0.109374246952815, 51.494957088710905 ], [ -0.10713376937977, 51.494163758682724 ], [ -0.105716832472837, 51.49369663829841 ], [ -0.105312542269529, 51.49361456823577 ], [ -0.104870971886236, 51.493528297244431 ], [ -0.104861677351886, 51.493509262245347 ], [ -0.104768657848823, 51.493320709563065 ], [ -0.104673818504838, 51.493071875861148 ], [ -0.104493811683924, 51.492931377301076 ], [ -0.104375329155374, 51.492731621401184 ], [ -0.104232090762579, 51.492503587618863 ], [ -0.104221357078248, 51.492484529299439 ], [ -0.104079858189853, 51.492249329219234 ], [ -0.103917859315408, 51.491952647841089 ], [ -0.103858090163532, 51.491969666944989 ], [ -0.103706395829277, 51.492014875660345 ], [ -0.103686912658884, 51.491998373726915 ], [ -0.103557654244139, 51.491884773841072 ], [ -0.103380442462029, 51.491781189573203 ], [ -0.103502180808259, 51.491694130334608 ], [ -0.103130969680146, 51.491474999280477 ], [ -0.103370708264448, 51.491321503999245 ], [ -0.103134528974353, 51.491180994790206 ], [ -0.103233322648803, 51.491056694540795 ], [ -0.103234948698966, 51.491052224477833 ], [ -0.103367724423119, 51.49087271883019 ], [ -0.103778025325028, 51.49046209126378 ], [ -0.104163227226219, 51.490031272523417 ], [ -0.104685786554482, 51.489553212468209 ], [ -0.105302613471752, 51.488955271312413 ], [ -0.105494654956447, 51.488770425815773 ], [ -0.108096308308351, 51.48615597380423 ], [ -0.108427323705098, 51.485849265742132 ], [ -0.1082559185471, 51.48574488310102 ], [ -0.108111490854309, 51.485649928144198 ], [ -0.107966617407365, 51.485565757088956 ], [ -0.107819300727081, 51.485505826798665 ], [ -0.106524985550814, 51.484970552030198 ], [ -0.106332394439898, 51.484891004116932 ], [ -0.106524935411048, 51.484693575123046 ], [ -0.106590686757886, 51.484531868291228 ], [ -0.106718267838744, 51.484337886525417 ], [ -0.106901088314844, 51.484062063216477 ], [ -0.107197359014666, 51.483654979292503 ], [ -0.106952991215117, 51.483573697787122 ], [ -0.106798112086666, 51.483522637069171 ], [ -0.10630338565031, 51.483296127009481 ], [ -0.105638674737241, 51.482966150933493 ], [ -0.105610483885103, 51.482951307240278 ], [ -0.105879657934746, 51.482781196912825 ], [ -0.106018487710436, 51.482698008582688 ], [ -0.1056087792805, 51.482435998457021 ], [ -0.10539658099404, 51.482204156027898 ], [ -0.105301475863782, 51.482101002056361 ], [ -0.105255455889604, 51.482099359250064 ], [ -0.10513031234938, 51.482095538696797 ], [ -0.104873252438337, 51.481834193761024 ], [ -0.104598402944782, 51.481585150470927 ], [ -0.104615129771764, 51.481459523087267 ], [ -0.104595761945119, 51.481440325390473 ], [ -0.104021545211328, 51.480908567353922 ], [ -0.104060628384554, 51.480903803617998 ], [ -0.104981276786857, 51.480790988272616 ], [ -0.10553172563117, 51.480714451427048 ], [ -0.107915356933291, 51.480433694069035 ], [ -0.108060098228187, 51.480416245409728 ], [ -0.10815306408494, 51.480397062041213 ], [ -0.108189639560468, 51.480383263789037 ], [ -0.10821245439463, 51.480353955964134 ], [ -0.108220626762716, 51.4802956353127 ], [ -0.108194098881608, 51.48027542344056 ], [ -0.108042814024872, 51.480207336125908 ], [ -0.107990417315426, 51.480185807576724 ], [ -0.107828946974119, 51.480120253453336 ], [ -0.107177685229583, 51.479848955148874 ], [ -0.105528907470443, 51.479147878283321 ], [ -0.103596481450288, 51.478342371914337 ], [ -0.101485932851091, 51.477527653895216 ], [ -0.099972192427402, 51.476873638558551 ], [ -0.100086096091218, 51.476731601244069 ], [ -0.100144326931035, 51.476647114206926 ], [ -0.100312318651764, 51.47627753832397 ], [ -0.100565808724825, 51.47478525137705 ], [ -0.10065710105687, 51.474459392760643 ], [ -0.100628668479448, 51.474346522007387 ], [ -0.100594090282753, 51.474277616384619 ], [ -0.100547850767803, 51.474212118896546 ], [ -0.100342432642499, 51.473992063317496 ], [ -0.099749685359204, 51.473424901234274 ], [ -0.099517301857498, 51.47305692490179 ], [ -0.099349523735818, 51.472624348203091 ], [ -0.099221817641037, 51.472267061362935 ], [ -0.099151605445157, 51.472189483836232 ], [ -0.098891503692951, 51.471934365925826 ], [ -0.097110127675523, 51.470693227130297 ], [ -0.095971855620485, 51.469881574591149 ], [ -0.095044248165749, 51.470201034436286 ], [ -0.094771504133693, 51.470353975495762 ], [ -0.094427279064613, 51.470529135122469 ], [ -0.094297548764134, 51.470601666252996 ], [ -0.094175049984536, 51.470673415550777 ], [ -0.094080039716819, 51.47074201460007 ], [ -0.094039541752029, 51.470780924456648 ], [ -0.093973624604293, 51.47087697498965 ], [ -0.093701438891604, 51.471603664755648 ], [ -0.093637611071574, 51.471718634016995 ], [ -0.093598101283328, 51.471768351188423 ], [ -0.093461314709767, 51.471906414263543 ], [ -0.093054651238508, 51.472128216312385 ], [ -0.093005456934787, 51.472030293437513 ], [ -0.092998861730831, 51.47201579761559 ], [ -0.092920916394789, 51.470949779083078 ], [ -0.092903221842678, 51.470752548313072 ], [ -0.092823399752495, 51.470146032327754 ], [ -0.092756319486288, 51.469924616524111 ], [ -0.092714509824766, 51.469822317215069 ], [ -0.092691997570655, 51.469775188167077 ], [ -0.092239713437505, 51.469088868537199 ], [ -0.09112061297633, 51.467613808193526 ], [ -0.090110697058208, 51.466318573065038 ], [ -0.090068934314269, 51.466215374074793 ], [ -0.090054033149261, 51.466158476326484 ], [ -0.090045487369786, 51.466087293601419 ], [ -0.090046211967996, 51.466000974122181 ], [ -0.090080375660202, 51.46573444345551 ], [ -0.090641470716055, 51.463294834852867 ], [ -0.090914138418581, 51.462832548306018 ], [ -0.091098512764242, 51.462554075605084 ], [ -0.091513478007107, 51.461993385593196 ], [ -0.092186149216617, 51.461121240930794 ], [ -0.092302069345118, 51.461034098850064 ], [ -0.092526213410403, 51.460837206970275 ], [ -0.092732822915871, 51.460715569195926 ], [ -0.092814342498031, 51.46065934170047 ], [ -0.092912622726269, 51.460580904794604 ], [ -0.09306852752355, 51.460432362032371 ], [ -0.093624715214379, 51.460005258224882 ], [ -0.094116885124538, 51.45959419710875 ], [ -0.094546274491747, 51.459169523206128 ], [ -0.094703944481276, 51.459012913468406 ], [ -0.094841174657744, 51.458863165501441 ], [ -0.094999723648967, 51.458650813952254 ], [ -0.095096972487591, 51.458493221399308 ], [ -0.095122923734245, 51.458457671851221 ], [ -0.095182467595026, 51.458375905527809 ], [ -0.095477983051759, 51.457881605574606 ], [ -0.095639218418459, 51.457604548291201 ], [ -0.095811470885886, 51.457408605440989 ], [ -0.096175769377578, 51.457163623988393 ], [ -0.096550302181803, 51.456880138390837 ], [ -0.097181381574591, 51.456415564899331 ], [ -0.097576507272515, 51.456155791813408 ], [ -0.0978232463803, 51.456037494441347 ], [ -0.09856566081451, 51.45569882199635 ], [ -0.099091835768585, 51.45540250088041 ], [ -0.10001919003168, 51.454769155767359 ], [ -0.100601959678396, 51.454391910538604 ], [ -0.100912727195496, 51.454152341709801 ], [ -0.100980118125614, 51.454054512471771 ], [ -0.101092950591539, 51.453867491052478 ], [ -0.101137028440625, 51.45377647822481 ], [ -0.101009156252626, 51.453215950046896 ], [ -0.101013124813417, 51.453085618009503 ], [ -0.10103495561098, 51.453010431824715 ], [ -0.101080396475198, 51.452921239666658 ], [ -0.101309495646071, 51.452603007806012 ], [ -0.10136179168747, 51.452522020175202 ], [ -0.101443146269438, 51.452365064072296 ], [ -0.101453261263498, 51.452260011576008 ], [ -0.101448843865844, 51.452158320772398 ], [ -0.10143148160969, 51.452056420239288 ], [ -0.101399661706307, 51.451956084031082 ], [ -0.10135482256093, 51.451857335441382 ], [ -0.101314618404988, 51.451785640491906 ], [ -0.101296964253835, 51.451760174456346 ], [ -0.101106344728115, 51.451567336510827 ], [ -0.100932219253967, 51.451358578410797 ], [ -0.100852132836445, 51.451242171969312 ], [ -0.10080522330974, 51.45115867745151 ], [ -0.100776564200544, 51.451086270130972 ], [ -0.100763539867698, 51.451018612630627 ], [ -0.100766875364678, 51.450660751063928 ], [ -0.100740608816557, 51.450357266076928 ], [ -0.100735281975087, 51.450312215450573 ], [ -0.100296537038372, 51.45030690212851 ], [ -0.100179440917677, 51.45031939233958 ], [ -0.100121910380507, 51.450318459611417 ], [ -0.100043104323809, 51.450309987615597 ], [ -0.099967473262016, 51.450294372759792 ], [ -0.09989796836301, 51.450269864331055 ], [ -0.099833076781704, 51.450238236380372 ], [ -0.099782978278822, 51.45019695613184 ], [ -0.099697761069803, 51.450100249915806 ], [ -0.099619847419381, 51.450000964220685 ], [ -0.099539186493146, 51.449863863902671 ], [ -0.099401641260144, 51.449536990846156 ], [ -0.099391305974444, 51.449404628161439 ], [ -0.099377798951016, 51.44934865334767 ], [ -0.099319011813577, 51.449204713344194 ], [ -0.099278439864821, 51.449142004517121 ], [ -0.099227651191526, 51.449082727096425 ], [ -0.09886638375164, 51.448736936305025 ], [ -0.098425741625026, 51.448431223476639 ], [ -0.097932845067606, 51.448136351484663 ], [ -0.097404186882924, 51.447767155233159 ], [ -0.096082319981577, 51.446746577637917 ], [ -0.095877792578876, 51.446508540433292 ], [ -0.095672053475618, 51.446265087436828 ], [ -0.095225920487046, 51.445711969016223 ], [ -0.095114838446433, 51.445545593741329 ], [ -0.095070858661334, 51.445461245079144 ], [ -0.095014350784543, 51.445297555457643 ], [ -0.094999320342465, 51.445209180960951 ], [ -0.09498744828812, 51.445079490597941 ], [ -0.094991361202504, 51.444881711028167 ], [ -0.095017572836187, 51.444701380429514 ], [ -0.095011823799858, 51.444632041847974 ], [ -0.094990500665256, 51.444521982142739 ], [ -0.094927364760309, 51.444344695382057 ], [ -0.094481674250181, 51.443401290244324 ], [ -0.094079995783971, 51.442818314108912 ], [ -0.093978820138403, 51.442690768119 ], [ -0.093773295181057, 51.442442818531227 ], [ -0.093608367902828, 51.44225668064459 ], [ -0.093331305466948, 51.441964400708883 ], [ -0.093180948589419, 51.441774003006678 ], [ -0.092976935316608, 51.441420860166566 ], [ -0.092848762905768, 51.441077944238209 ], [ -0.092742245420562, 51.44083700008219 ], [ -0.092514744122531, 51.440322501589527 ], [ -0.092232665880684, 51.439598479304337 ], [ -0.092014342660122, 51.439105712008875 ], [ -0.091963731784915, 51.438973591882501 ], [ -0.091872321032291, 51.438819224411397 ], [ -0.091812162071342, 51.438743603839256 ], [ -0.091700599122012, 51.438623980251442 ], [ -0.091463216891909, 51.438312557509832 ], [ -0.091168865192925, 51.437849125823064 ], [ -0.090955577494217, 51.4374085970381 ], [ -0.090639632227257, 51.436669629931806 ], [ -0.090552066313819, 51.436457769540063 ], [ -0.090439014951388, 51.436098010470936 ], [ -0.090199656739858, 51.435144460901526 ], [ -0.089997532154327, 51.434367778152016 ], [ -0.089567261117561, 51.432783412500207 ], [ -0.0892829812915, 51.431803948893574 ], [ -0.088865210769895, 51.430541728806574 ], [ -0.088471338662286, 51.429707058452301 ], [ -0.088293814620033, 51.429445166664841 ], [ -0.088200334117865, 51.42934112230612 ], [ -0.088089152844517, 51.429247580450557 ], [ -0.087848040058603, 51.429096161897235 ], [ -0.087654955502011, 51.429000383443281 ], [ -0.087231922843981, 51.42886487884946 ], [ -0.086587581796417, 51.428723959662634 ], [ -0.086095551784826, 51.42858732387792 ], [ -0.086019698712532, 51.428577991011664 ], [ -0.08597134718457, 51.428564610982008 ], [ -0.085891058282367, 51.428523730420913 ], [ -0.085864683403084, 51.428500817236085 ], [ -0.085842921672661, 51.428470785104501 ], [ -0.085830536428766, 51.428422920384357 ], [ -0.085861632495964, 51.428298427220881 ], [ -0.085919516166643, 51.428186961791141 ], [ -0.086040716201037, 51.428040559233985 ], [ -0.086072884147443, 51.427959249437713 ], [ -0.086074761591293, 51.427914315630993 ], [ -0.086066576223068, 51.427869217419264 ], [ -0.086048252974465, 51.427825752152629 ], [ -0.086014304557295, 51.42777753514499 ], [ -0.085965793063913, 51.427733576631503 ], [ -0.085878505689482, 51.427688085230706 ], [ -0.08576894190803, 51.427659316260062 ], [ -0.085412344249053, 51.427483522925783 ], [ -0.08523594851331, 51.427367329299329 ], [ -0.085224974203982, 51.427354559860987 ], [ -0.085146904517449, 51.427260656884343 ], [ -0.084929449292531, 51.426956739232551 ], [ -0.084626469327311, 51.426530917903342 ], [ -0.084346579238006, 51.426137847804441 ], [ -0.084053033204459, 51.425727467147283 ], [ -0.083836945188278, 51.425391196577166 ], [ -0.083657351040667, 51.425007862703858 ], [ -0.083605906865783, 51.424724646705656 ], [ -0.083592577726039, 51.424527485972853 ], [ -0.083559718921963, 51.42414385441537 ], [ -0.083511143942699, 51.423688922424198 ], [ -0.083485312007425, 51.423412420272122 ], [ -0.083469495592773, 51.423102808535418 ], [ -0.083450857971429, 51.422998186893885 ], [ -0.083413109907223, 51.423006562082598 ], [ -0.082817951451809, 51.423136211283229 ], [ -0.082005984169975, 51.423325257495698 ], [ -0.081753619288388, 51.423375081977191 ], [ -0.081700736492078, 51.423367021692002 ], [ -0.081668722264025, 51.423307144748676 ], [ -0.081132710138842, 51.422333434676382 ], [ -0.080871123943026, 51.421848032574111 ], [ -0.080826076690558, 51.421858985175916 ], [ -0.080317581683746, 51.421980149317214 ], [ -0.080051533093941, 51.422047731417337 ], [ -0.079830462412662, 51.422140330929658 ], [ -0.079803033348584, 51.42210840634759 ], [ -0.079603994841091, 51.421881221587022 ], [ -0.079490080984991, 51.421750756290301 ], [ -0.079439309843671, 51.421692369650067 ], [ -0.078905052569969, 51.421570298552176 ], [ -0.079124030447685, 51.421184499846646 ], [ -0.079235881169474, 51.420986693032411 ], [ -0.079243244454102, 51.420913971765735 ], [ -0.079229662318925, 51.420894864066931 ], [ -0.079197050170874, 51.420849365049371 ], [ -0.079171705816268, 51.420836359440052 ], [ -0.07913508895755, 51.420817773253653 ], [ -0.078280876429514, 51.420608616474816 ] ] ] } },
{ "type": "Feature", "properties": { "objectid": 19, "name": "Southwark", "gss_code": "E09000028", "hectares": 2991.34, "nonld_area": 105.139, "ons_inner": "T", "sub_2011": "Central" }, "geometry": { "type": "Polygon", "coordinates": [ [ [ -0.078280876429514, 51.420608616474816 ], [ -0.07913508895755, 51.420817773253653 ], [ -0.079171705816268, 51.420836359440052 ], [ -0.079197050170874, 51.420849365049371 ], [ -0.079229662318925, 51.420894864066931 ], [ -0.079243244454102, 51.420913971765735 ], [ -0.079235881169474, 51.420986693032411 ], [ -0.079124030447685, 51.421184499846646 ], [ -0.078905052569969, 51.421570298552176 ], [ -0.079439309843671, 51.421692369650067 ], [ -0.079490080984991, 51.421750756290301 ], [ -0.079603994841091, 51.421881221587022 ], [ -0.079803033348584, 51.42210840634759 ], [ -0.079830462412662, 51.422140330929658 ], [ -0.080051533093941, 51.422047731417337 ], [ -0.080317581683746, 51.421980149317214 ], [ -0.080826076690558, 51.421858985175916 ], [ -0.080871123943026, 51.421848032574111 ], [ -0.081132710138842, 51.422333434676382 ], [ -0.081668722264025, 51.423307144748676 ], [ -0.081700736492078, 51.423367021692002 ], [ -0.081753619288388, 51.423375081977191 ], [ -0.082005984169975, 51.423325257495698 ], [ -0.082817951451809, 51.423136211283229 ], [ -0.083413109907223, 51.423006562082598 ], [ -0.083450857971429, 51.422998186893885 ], [ -0.083469495592773, 51.423102808535418 ], [ -0.083485312007425, 51.423412420272122 ], [ -0.083511143942699, 51.423688922424198 ], [ -0.083559718921963, 51.42414385441537 ], [ -0.083592577726039, 51.424527485972853 ], [ -0.083605906865783, 51.424724646705656 ], [ -0.083657351040667, 51.425007862703858 ], [ -0.083836945188278, 51.425391196577166 ], [ -0.084053033204459, 51.425727467147283 ], [ -0.084346579238006, 51.426137847804441 ], [ -0.084626469327311, 51.426530917903342 ], [ -0.084929449292531, 51.426956739232551 ], [ -0.085146904517449, 51.427260656884343 ], [ -0.085224974203982, 51.427354559860987 ], [ -0.08523594851331, 51.427367329299329 ], [ -0.085412344249053, 51.427483522925783 ], [ -0.08576894190803, 51.427659316260062 ], [ -0.085878505689482, 51.427688085230706 ], [ -0.085965793063913, 51.427733576631503 ], [ -0.086014304557295, 51.42777753514499 ], [ -0.086048252974465, 51.427825752152629 ], [ -0.086066576223068, 51.427869217419264 ], [ -0.086074761591293, 51.427914315630993 ], [ -0.086072884147443, 51.427959249437713 ], [ -0.086040716201037, 51.428040559233985 ], [ -0.085919516166643, 51.428186961791141 ], [ -0.085861632495964, 51.428298427220881 ], [ -0.085830536428766, 51.428422920384357 ], [ -0.085842921672661, 51.428470785104501 ], [ -0.085864683403084, 51.428500817236085 ], [ -0.085891058282367, 51.428523730420913 ], [ -0.08597134718457, 51.428564610982008 ], [ -0.086019698712532, 51.428577991011664 ], [ -0.086095551784826, 51.42858732387792 ], [ -0.086587581796417, 51.428723959662634 ], [ -0.087231922843981, 51.42886487884946 ], [ -0.087654955502011, 51.429000383443281 ], [ -0.087848040058603, 51.429096161897235 ], [ -0.088089152844517, 51.429247580450557 ], [ -0.088200334117865, 51.42934112230612 ], [ -0.088293814620033, 51.429445166664841 ], [ -0.088471338662286, 51.429707058452301 ], [ -0.088865210769895, 51.430541728806574 ], [ -0.0892829812915, 51.431803948893574 ], [ -0.089567261117561, 51.432783412500207 ], [ -0.089997532154327, 51.434367778152016 ], [ -0.090199656739858, 51.435144460901526 ], [ -0.090439014951388, 51.436098010470936 ], [ -0.090552066313819, 51.436457769540063 ], [ -0.090639632227257, 51.436669629931806 ], [ -0.090955577494217, 51.4374085970381 ], [ -0.091168865192925, 51.437849125823064 ], [ -0.091463216891909, 51.438312557509832 ], [ -0.091700599122012, 51.438623980251442 ], [ -0.091812162071342, 51.438743603839256 ], [ -0.091872321032291, 51.438819224411397 ], [ -0.091963731784915, 51.438973591882501 ], [ -0.092014342660122, 51.439105712008875 ], [ -0.092232665880684, 51.439598479304337 ], [ -0.092514744122531, 51.440322501589527 ], [ -0.092742245420562, 51.44083700008219 ], [ -0.092848762905768, 51.441077944238209 ], [ -0.092976935316608, 51.441420860166566 ], [ -0.093180948589419, 51.441774003006678 ], [ -0.093331305466948, 51.441964400708883 ], [ -0.093608367902828, 51.44225668064459 ], [ -0.093773295181057, 51.442442818531227 ], [ -0.093978820138403, 51.442690768119 ], [ -0.094079995783971, 51.442818314108912 ], [ -0.094481674250181, 51.443401290244324 ], [ -0.094927364760309, 51.444344695382057 ], [ -0.094990500665256, 51.444521982142739 ], [ -0.095011823799858, 51.444632041847974 ], [ -0.095017572836187, 51.444701380429514 ], [ -0.094991361202504, 51.444881711028167 ], [ -0.09498744828812, 51.445079490597941 ], [ -0.094999320342465, 51.445209180960951 ], [ -0.095014350784543, 51.445297555457643 ], [ -0.095070858661334, 51.445461245079144 ], [ -0.095114838446433, 51.445545593741329 ], [ -0.095225920487046, 51.445711969016223 ], [ -0.095672053475618, 51.446265087436828 ], [ -0.095877792578876, 51.446508540433292 ], [ -0.096082319981577, 51.446746577637917 ], [ -0.097404186882924, 51.447767155233159 ], [ -0.097932845067606, 51.448136351484663 ], [ -0.098425741625026, 51.448431223476639 ], [ -0.09886638375164, 51.448736936305025 ], [ -0.099227651191526, 51.449082727096425 ], [ -0.099278439864821, 51.449142004517121 ], [ -0.099319011813577, 51.449204713344194 ], [ -0.099377798951016, 51.44934865334767 ], [ -0.099391305974444, 51.449404628161439 ], [ -0.099401641260144, 51.449536990846156 ], [ -0.099539186493146, 51.449863863902671 ], [ -0.099619847419381, 51.450000964220685 ], [ -0.099697761069803, 51.450100249915806 ], [ -0.099782978278822, 51.45019695613184 ], [ -0.099833076781704, 51.450238236380372 ], [ -0.09989796836301, 51.450269864331055 ], [ -0.099967473262016, 51.450294372759792 ], [ -0.100043104323809, 51.450309987615597 ], [ -0.100121910380507, 51.450318459611417 ], [ -0.100179440917677, 51.45031939233958 ], [ -0.100296537038372, 51.45030690212851 ], [ -0.100735281975087, 51.450312215450573 ], [ -0.100740608816557, 51.450357266076928 ], [ -0.100766875364678, 51.450660751063928 ], [ -0.100763539867698, 51.451018612630627 ], [ -0.100776564200544, 51.451086270130972 ], [ -0.10080522330974, 51.45115867745151 ], [ -0.100852132836445, 51.451242171969312 ], [ -0.100932219253967, 51.451358578410797 ], [ -0.101106344728115, 51.451567336510827 ], [ -0.101296964253835, 51.451760174456346 ], [ -0.101314618404988, 51.451785640491906 ], [ -0.10135482256093, 51.451857335441382 ], [ -0.101399661706307, 51.451956084031082 ], [ -0.10143148160969, 51.452056420239288 ], [ -0.101448843865844, 51.452158320772398 ], [ -0.101453261263498, 51.452260011576008 ], [ -0.101443146269438, 51.452365064072296 ], [ -0.10136179168747, 51.452522020175202 ], [ -0.101309495646071, 51.452603007806012 ], [ -0.101080396475198, 51.452921239666658 ], [ -0.10103495561098, 51.453010431824715 ], [ -0.101013124813417, 51.453085618009503 ], [ -0.101009156252626, 51.453215950046896 ], [ -0.101137028440625, 51.45377647822481 ], [ -0.101092950591539, 51.453867491052478 ], [ -0.100980118125614, 51.454054512471771 ], [ -0.100912727195496, 51.454152341709801 ], [ -0.100601959678396, 51.454391910538604 ], [ -0.10001919003168, 51.454769155767359 ], [ -0.099091835768585, 51.45540250088041 ], [ -0.09856566081451, 51.45569882199635 ], [ -0.0978232463803, 51.456037494441347 ], [ -0.097576507272515, 51.456155791813408 ], [ -0.097181381574591, 51.456415564899331 ], [ -0.096550302181803, 51.456880138390837 ], [ -0.096175769377578, 51.457163623988393 ], [ -0.095811470885886, 51.457408605440989 ], [ -0.095639218418459, 51.457604548291201 ], [ -0.095477983051759, 51.457881605574606 ], [ -0.095182467595026, 51.458375905527809 ], [ -0.095122923734245, 51.458457671851221 ], [ -0.095096972487591, 51.458493221399308 ], [ -0.094999723648967, 51.458650813952254 ], [ -0.094841174657744, 51.458863165501441 ], [ -0.094703944481276, 51.459012913468406 ], [ -0.094546274491747, 51.459169523206128 ], [ -0.094116885124538, 51.45959419710875 ], [ -0.093624715214379, 51.460005258224882 ], [ -0.09306852752355, 51.460432362032371 ], [ -0.092912622726269, 51.460580904794604 ], [ -0.092814342498031, 51.46065934170047 ], [ -0.092732822915871, 51.460715569195926 ], [ -0.092526213410403, 51.460837206970275 ], [ -0.092302069345118, 51.461034098850064 ], [ -0.092186149216617, 51.461121240930794 ], [ -0.091513478007107, 51.461993385593196 ], [ -0.091098512764242, 51.462554075605084 ], [ -0.090914138418581, 51.462832548306018 ], [ -0.090641470716055, 51.463294834852867 ], [ -0.090080375660202, 51.46573444345551 ], [ -0.090046211967996, 51.466000974122181 ], [ -0.090045487369786, 51.466087293601419 ], [ -0.090054033149261, 51.466158476326484 ], [ -0.090068934314269, 51.466215374074793 ], [ -0.090110697058208, 51.466318573065038 ], [ -0.09112061297633, 51.467613808193526 ], [ -0.092239713437505, 51.469088868537199 ], [ -0.092691997570655, 51.469775188167077 ], [ -0.092714509824766, 51.469822317215069 ], [ -0.092756319486288, 51.469924616524111 ], [ -0.092823399752495, 51.470146032327754 ], [ -0.092903221842678, 51.470752548313072 ], [ -0.092920916394789, 51.470949779083078 ], [ -0.092998861730831, 51.47201579761559 ], [ -0.093005456934787, 51.472030293437513 ], [ -0.093054651238508, 51.472128216312385 ], [ -0.093461314709767, 51.471906414263543 ], [ -0.093598101283328, 51.471768351188423 ], [ -0.093637611071574, 51.471718634016995 ], [ -0.093701438891604, 51.471603664755648 ], [ -0.093973624604293, 51.47087697498965 ], [ -0.094039541752029, 51.470780924456648 ], [ -0.094080039716819, 51.47074201460007 ], [ -0.094175049984536, 51.470673415550777 ], [ -0.094297548764134, 51.470601666252996 ], [ -0.094427279064613, 51.470529135122469 ], [ -0.094771504133693, 51.470353975495762 ], [ -0.095044248165749, 51.470201034436286 ], [ -0.095971855620485, 51.469881574591149 ], [ -0.097110127675523, 51.470693227130297 ], [ -0.098891503692951, 51.471934365925826 ], [ -0.099151605445157, 51.472189483836232 ], [ -0.099221817641037, 51.472267061362935 ], [ -0.099349523735818, 51.472624348203091 ], [ -0.099517301857498, 51.47305692490179 ], [ -0.099749685359204, 51.473424901234274 ], [ -0.100342432642499, 51.473992063317496 ], [ -0.100547850767803, 51.474212118896546 ], [ -0.100594090282753, 51.474277616384619 ], [ -0.100628668479448, 51.474346522007387 ], [ -0.10065710105687, 51.474459392760643 ], [ -0.100565808724825, 51.47478525137705 ], [ -0.100312318651764, 51.47627753832397 ], [ -0.100144326931035, 51.476647114206926 ], [ -0.100086096091218, 51.476731601244069 ], [ -0.099972192427402, 51.476873638558551 ], [ -0.101485932851091, 51.477527653895216 ], [ -0.103596481450288, 51.478342371914337 ], [ -0.105528907470443, 51.479147878283321 ], [ -0.107177685229583, 51.479848955148874 ], [ -0.107828946974119, 51.480120253453336 ], [ -0.107990417315426, 51.480185807576724 ], [ -0.108042814024872, 51.480207336125908 ], [ -0.108194098881608, 51.48027542344056 ], [ -0.108220626762716, 51.4802956353127 ], [ -0.10821245439463, 51.480353955964134 ], [ -0.108189639560468, 51.480383263789037 ], [ -0.10815306408494, 51.480397062041213 ], [ -0.108060098228187, 51.480416245409728 ], [ -0.107915356933291, 51.480433694069035 ], [ -0.10553172563117, 51.480714451427048 ], [ -0.104981276786857, 51.480790988272616 ], [ -0.104060628384554, 51.480903803617998 ], [ -0.104021545211328, 51.480908567353922 ], [ -0.104595761945119, 51.481440325390473 ], [ -0.104615129771764, 51.481459523087267 ], [ -0.104598402944782, 51.481585150470927 ], [ -0.104873252438337, 51.481834193761024 ], [ -0.10513031234938, 51.482095538696797 ], [ -0.105255455889604, 51.482099359250064 ], [ -0.105301475863782, 51.482101002056361 ], [ -0.10539658099404, 51.482204156027898 ], [ -0.1056087792805, 51.482435998457021 ], [ -0.106018487710436, 51.482698008582688 ], [ -0.105879657934746, 51.482781196912825 ], [ -0.105610483885103, 51.482951307240278 ], [ -0.105638674737241, 51.482966150933493 ], [ -0.10630338565031, 51.483296127009481 ], [ -0.106798112086666, 51.483522637069171 ], [ -0.106952991215117, 51.483573697787122 ], [ -0.107197359014666, 51.483654979292503 ], [ -0.106901088314844, 51.484062063216477 ], [ -0.106718267838744, 51.484337886525417 ], [ -0.106590686757886, 51.484531868291228 ], [ -0.106524935411048, 51.484693575123046 ], [ -0.106332394439898, 51.484891004116932 ], [ -0.106524985550814, 51.484970552030198 ], [ -0.107819300727081, 51.485505826798665 ], [ -0.107966617407365, 51.485565757088956 ], [ -0.108111490854309, 51.485649928144198 ], [ -0.1082559185471, 51.48574488310102 ], [ -0.108427323705098, 51.485849265742132 ], [ -0.108096308308351, 51.48615597380423 ], [ -0.105494654956447, 51.488770425815773 ], [ -0.105302613471752, 51.488955271312413 ], [ -0.104685786554482, 51.489553212468209 ], [ -0.104163227226219, 51.490031272523417 ], [ -0.103778025325028, 51.49046209126378 ], [ -0.103367724423119, 51.49087271883019 ], [ -0.103234948698966, 51.491052224477833 ], [ -0.103233322648803, 51.491056694540795 ], [ -0.103134528974353, 51.491180994790206 ], [ -0.103370708264448, 51.491321503999245 ], [ -0.103130969680146, 51.491474999280477 ], [ -0.103502180808259, 51.491694130334608 ], [ -0.103380442462029, 51.491781189573203 ], [ -0.103557654244139, 51.491884773841072 ], [ -0.103686912658884, 51.491998373726915 ], [ -0.103706395829277, 51.492014875660345 ], [ -0.103858090163532, 51.491969666944989 ], [ -0.103917859315408, 51.491952647841089 ], [ -0.104079858189853, 51.492249329219234 ], [ -0.104221357078248, 51.492484529299439 ], [ -0.104232090762579, 51.492503587618863 ], [ -0.104375329155374, 51.492731621401184 ], [ -0.104493811683924, 51.492931377301076 ], [ -0.104673818504838, 51.493071875861148 ], [ -0.104768657848823, 51.493320709563065 ], [ -0.104861677351886, 51.493509262245347 ], [ -0.104870971886236, 51.493528297244431 ], [ -0.105312542269529, 51.49361456823577 ], [ -0.105716832472837, 51.49369663829841 ], [ -0.10713376937977, 51.494163758682724 ], [ -0.109374246952815, 51.494957088710905 ], [ -0.110482179515005, 51.495373323248678 ], [ -0.110559143080795, 51.495393447987979 ], [ -0.110639209182047, 51.495408227004866 ], [ -0.110788381431112, 51.495424119192137 ], [ -0.11093218405556, 51.495500176153719 ], [ -0.110947703823346, 51.495577763823682 ], [ -0.111417370683983, 51.496448632231562 ], [ -0.110269866451433, 51.496779067053474 ], [ -0.110278670083126, 51.496844856005119 ], [ -0.110270169883252, 51.496876193679753 ], [ -0.109491011856033, 51.498366325692587 ], [ -0.109494884850749, 51.498377179425198 ], [ -0.109445191540029, 51.498498679823804 ], [ -0.109095821575572, 51.499107252534387 ], [ -0.10832830019759, 51.500349364447274 ], [ -0.108202686063605, 51.500494819466354 ], [ -0.108163536857699, 51.50053555468525 ], [ -0.107821195158113, 51.500799815209952 ], [ -0.106800427671388, 51.501580102130262 ], [ -0.106678666781076, 51.501667165079169 ], [ -0.106501958484292, 51.501585175982093 ], [ -0.105961232544088, 51.502011695344656 ], [ -0.105922303655436, 51.502047037777601 ], [ -0.106090149493234, 51.502134280290171 ], [ -0.106061523679187, 51.502164393475056 ], [ -0.106039612820256, 51.502206305692269 ], [ -0.106025260401271, 51.502274419003086 ], [ -0.10605544325685, 51.502415193655445 ], [ -0.106111447028243, 51.502524011256845 ], [ -0.106726193503028, 51.502223685586188 ], [ -0.107432614222065, 51.503013860479591 ], [ -0.106370194982618, 51.503372610306585 ], [ -0.106493041763364, 51.503641678876818 ], [ -0.106494481727481, 51.503641702123375 ], [ -0.106574151232798, 51.50404856217866 ], [ -0.106541062340682, 51.504255760989722 ], [ -0.106520218151856, 51.504306683278848 ], [ -0.106441719977254, 51.504496962006378 ], [ -0.106409226483087, 51.504689781959001 ], [ -0.106409134602925, 51.504830966945661 ], [ -0.106440275561284, 51.504983447476718 ], [ -0.106567246947358, 51.505292150611766 ], [ -0.106571417912026, 51.505295815049692 ], [ -0.107338148937534, 51.507065375892246 ], [ -0.108150113655137, 51.506910310075135 ], [ -0.108219535113493, 51.507008551566528 ], [ -0.108265506041686, 51.507116306846015 ], [ -0.108380937302837, 51.507425720858215 ], [ -0.108399013158681, 51.50747637181977 ], [ -0.108480926499828, 51.507760065436557 ], [ -0.108567630049889, 51.5077542693599 ], [ -0.108774245628394, 51.507706342136856 ], [ -0.10883689537237, 51.508072458248769 ], [ -0.108896081965869, 51.508417835118514 ], [ -0.108899397118354, 51.508442169012 ], [ -0.109115205779559, 51.509633593253646 ], [ -0.109153324846639, 51.509826653183481 ], [ -0.109162947719517, 51.509872671468585 ], [ -0.108469150493369, 51.509887564887961 ], [ -0.107896363707553, 51.509903506912821 ], [ -0.107334216619212, 51.509906128640552 ], [ -0.106960767834888, 51.509910893793382 ], [ -0.106486731432946, 51.509908638420988 ], [ -0.105562372766273, 51.509888317890791 ], [ -0.105153591568772, 51.509876319635424 ], [ -0.104614636778382, 51.509875705836478 ], [ -0.10463171034066, 51.509672744623082 ], [ -0.104636068106481, 51.509671915757224 ], [ -0.104746713522474, 51.509644926592479 ], [ -0.104724715806263, 51.509619391353304 ], [ -0.104717850852542, 51.509611186921099 ], [ -0.104634434129446, 51.509607141254307 ], [ -0.104631688549725, 51.509465010778115 ], [ -0.104663372431909, 51.50911840095025 ], [ -0.104738744416033, 51.509107928160468 ], [ -0.104717627440239, 51.50909589633293 ], [ -0.104657044910663, 51.509062543396269 ], [ -0.104658910455031, 51.509017609577235 ], [ -0.1046766557281, 51.508624911886493 ], [ -0.10471637479002, 51.508570697780122 ], [ -0.1047087715425, 51.508476150868724 ], [ -0.104662494147284, 51.508410655190062 ], [ -0.104179123828326, 51.508425325712871 ], [ -0.104180383804592, 51.508499086782393 ], [ -0.104209833565642, 51.508622763686567 ], [ -0.104197899646987, 51.508806023288294 ], [ -0.104187897838911, 51.509046868405399 ], [ -0.104063657889633, 51.509088925048502 ], [ -0.104171055329934, 51.5091401212497 ], [ -0.104178690684192, 51.509580891535315 ], [ -0.104032511113238, 51.509630687086926 ], [ -0.104011826481046, 51.509642942664833 ], [ -0.104157639443521, 51.509671378513708 ], [ -0.104154346279517, 51.509854778266494 ], [ -0.103588028912087, 51.509853717500945 ], [ -0.103275307131338, 51.509818985087193 ], [ -0.101562254466322, 51.509808359295675 ], [ -0.100185017814042, 51.509727603824388 ], [ -0.099926202061115, 51.509713518821734 ], [ -0.099290853020196, 51.509674446545908 ], [ -0.098957748982483, 51.509644766956498 ], [ -0.098519776750522, 51.509607091254324 ], [ -0.097707088547389, 51.509535458891825 ], [ -0.096824435655895, 51.509448297177144 ], [ -0.09599047278942, 51.509334041816231 ], [ -0.09570424520746, 51.509286229325092 ], [ -0.095278572690021, 51.509195684089597 ], [ -0.094923355629193, 51.509108979670344 ], [ -0.093988290020722, 51.508896845544989 ], [ -0.093145161700136, 51.508657422064005 ], [ -0.092797791912729, 51.508555551219686 ], [ -0.09262522855249, 51.508512277501204 ], [ -0.092335403120401, 51.508447312178475 ], [ -0.091902432294722, 51.508359334012304 ], [ -0.091079271889578, 51.508263205512769 ], [ -0.090484488552925, 51.508185178182295 ], [ -0.090301058748807, 51.508160608937189 ], [ -0.089477002949915, 51.508086037273053 ], [ -0.089038329179112, 51.508031228888001 ], [ -0.088943734803215, 51.508018896255741 ], [ -0.088597764893401, 51.507987179363127 ], [ -0.088072838702192, 51.507927364557268 ], [ -0.087731642132927, 51.507884931630734 ], [ -0.087724479364398, 51.507883915567895 ], [ -0.08763394240112, 51.507877942965557 ], [ -0.086741647878369, 51.507815728579232 ], [ -0.086075523398499, 51.507755399932101 ], [ -0.085750631277393, 51.507736608480322 ], [ -0.085711824588239, 51.507734176534662 ], [ -0.085650052057783, 51.507729571168476 ], [ -0.085161670284832, 51.50769192246571 ], [ -0.084865233493653, 51.507647513442834 ], [ -0.084181250468345, 51.507532017354826 ], [ -0.083909597577892, 51.507480813601411 ], [ -0.083440655526178, 51.507426382734636 ], [ -0.082643103113482, 51.507304523901048 ], [ -0.081895466452098, 51.507195167286085 ], [ -0.081371651770847, 51.507109254712972 ], [ -0.081101218173007, 51.507063460119213 ], [ -0.081033988763551, 51.507051567943329 ], [ -0.080750784275402, 51.507001067050282 ], [ -0.080269453678602, 51.506898759184516 ], [ -0.08016398582833, 51.506870952437524 ], [ -0.079959188683113, 51.506806446503084 ], [ -0.079795775480489, 51.506751611073028 ], [ -0.079230883003209, 51.506580484213643 ], [ -0.078923997065032, 51.506510706059593 ], [ -0.078480797744706, 51.506392829114553 ], [ -0.078224655865857, 51.506315787733215 ], [ -0.078193277818307, 51.506308078968253 ], [ -0.07807939947775, 51.506274736805814 ], [ -0.077218932740312, 51.506039400456913 ], [ -0.076312166399051, 51.505774521133873 ], [ -0.075214647920534, 51.505454344205681 ], [ -0.074029873130907, 51.505187578796296 ], [ -0.073733236568945, 51.505114358590788 ], [ -0.073175170788076, 51.50495320720762 ], [ -0.072692329355844, 51.504785196919052 ], [ -0.071820675014693, 51.504406653267075 ], [ -0.071250885703044, 51.504148178608062 ], [ -0.070895003664651, 51.503976854878601 ], [ -0.070519607471282, 51.503824093521878 ], [ -0.070454471420286, 51.503796942201298 ], [ -0.070191918270716, 51.503701792561998 ], [ -0.070074112607351, 51.503659385361161 ], [ -0.069839447978402, 51.503586276736939 ], [ -0.069112419818559, 51.503366568578905 ], [ -0.068180668914552, 51.503115604580337 ], [ -0.067881633057016, 51.503031540995245 ], [ -0.067692401140526, 51.503008638352007 ], [ -0.067690961227047, 51.503008614620079 ], [ -0.06692905485032, 51.502796416517128 ], [ -0.066501003093268, 51.502696733061832 ], [ -0.066155179764233, 51.502594807312349 ], [ -0.065891577583382, 51.502524812191702 ], [ -0.064636271025127, 51.502259495070994 ], [ -0.064206256274121, 51.502172360648331 ], [ -0.063583566020374, 51.502075747586602 ], [ -0.063080836911388, 51.502004494190572 ], [ -0.062365618203798, 51.501915338703242 ], [ -0.060877109238641, 51.501713572404704 ], [ -0.060419689939525, 51.501695214742078 ], [ -0.060178632576032, 51.501671442602003 ], [ -0.06003915665312, 51.501664638461079 ], [ -0.059866182026398, 51.501666272529278 ], [ -0.059500968221236, 51.501715983153687 ], [ -0.05879509246399, 51.501814008953808 ], [ -0.058272918153981, 51.501895289095913 ], [ -0.057678022011295, 51.501992448306204 ], [ -0.057198695825407, 51.502082526940441 ], [ -0.056940663479676, 51.502152890310285 ], [ -0.056353583139939, 51.502303229299891 ], [ -0.056352104999684, 51.502304104065999 ], [ -0.055953559564144, 51.502391919675809 ], [ -0.055553366785556, 51.502518375254759 ], [ -0.055140312745444, 51.502676090591528 ], [ -0.054848452030112, 51.502796247331311 ], [ -0.054847012134405, 51.502796223441912 ], [ -0.053626426882986, 51.503441426639192 ], [ -0.052763092584592, 51.503953164125072 ], [ -0.052389396880925, 51.504167278140379 ], [ -0.052225959574275, 51.504249094418498 ], [ -0.051801745719301, 51.50446506505331 ], [ -0.051408073767302, 51.504674347887814 ], [ -0.049426104980786, 51.505835625673612 ], [ -0.048619549731821, 51.506297920675728 ], [ -0.04812026373831, 51.506583672686872 ], [ -0.046928474868357, 51.507224793979972 ], [ -0.046541516965479, 51.507410792797643 ], [ -0.046369186618231, 51.507497849188539 ], [ -0.045953786113162, 51.50770855199309 ], [ -0.045468528250939, 51.507935175304127 ], [ -0.0451247666355, 51.508054444208724 ], [ -0.044299723879765, 51.508273599568447 ], [ -0.04390496174505, 51.508372230461163 ], [ -0.043585143529665, 51.508437038693906 ], [ -0.043322411599276, 51.508481216010573 ], [ -0.042688541628773, 51.508543479152259 ], [ -0.042076964934446, 51.508589924168739 ], [ -0.041860376489554, 51.508599796929893 ], [ -0.041311646826377, 51.508625704771468 ], [ -0.040903374723605, 51.508635971112156 ], [ -0.040556009715664, 51.508637361708693 ], [ -0.040207629098615, 51.508628842260364 ], [ -0.039590971669438, 51.508625729268488 ], [ -0.03882391837413, 51.508601213104129 ], [ -0.038167199310926, 51.508557854389061 ], [ -0.037845503085788, 51.508498515451542 ], [ -0.037457835489547, 51.508431776603821 ], [ -0.037219818992317, 51.508370239185972 ], [ -0.036679874683248, 51.508225409417498 ], [ -0.03593412323883, 51.508074432359393 ], [ -0.035559365946735, 51.507942255866695 ], [ -0.034940445201175, 51.50772415231333 ], [ -0.034312117827666, 51.50752387209927 ], [ -0.033515964929316, 51.507272212246079 ], [ -0.033022173466759, 51.507160511786424 ], [ -0.032743146139572, 51.507081189873993 ], [ -0.03240363959249, 51.507000852283525 ], [ -0.032176757910332, 51.506881936231935 ], [ -0.031781224121484, 51.506663965103712 ], [ -0.031715055740219, 51.506627782177119 ], [ -0.031627746531912, 51.506547179338483 ], [ -0.031524520263593, 51.506468107730804 ], [ -0.031398254602345, 51.506388649143538 ], [ -0.031257628328516, 51.506308049951002 ], [ -0.031025469800575, 51.506244798299861 ], [ -0.030813349803877, 51.506151307027935 ], [ -0.030731808484792, 51.506104073799115 ], [ -0.030631619850615, 51.506021455115039 ], [ -0.030586388414774, 51.505967637423453 ], [ -0.030565796982471, 51.505943910075047 ], [ -0.030475295752876, 51.505837173236138 ], [ -0.030290799320469, 51.505671302719975 ], [ -0.030054489752552, 51.505403841064044 ], [ -0.029971452232082, 51.505224386887775 ], [ -0.029881807136909, 51.505097879473801 ], [ -0.029810561846354, 51.504912328273178 ], [ -0.029688323612524, 51.504639588322533 ], [ -0.029574730960596, 51.504400267098312 ], [ -0.029560133190571, 51.50437124451669 ], [ -0.029566552324574, 51.504356064539841 ], [ -0.02960989105991, 51.504253375032569 ], [ -0.029635471138213, 51.504061357568929 ], [ -0.029579670135295, 51.503818511260597 ], [ -0.029524442359203, 51.503495637934293 ], [ -0.029427828550917, 51.503029981256851 ], [ -0.029357001434556, 51.502734723317126 ], [ -0.029345943544069, 51.502690472286069 ], [ -0.029361579075893, 51.502628684332478 ], [ -0.029395065714142, 51.502487159924307 ], [ -0.029405320515629, 51.502349741328842 ], [ -0.029429296021134, 51.502094746746842 ], [ -0.029536252643251, 51.501119019431279 ], [ -0.029669081918097, 51.500144625788238 ], [ -0.029826086104518, 51.499544741720456 ], [ -0.029863868688983, 51.499270194371704 ], [ -0.029912460874028, 51.498945468525889 ], [ -0.029996118831207, 51.498409099829587 ], [ -0.030004197979701, 51.498054915517649 ], [ -0.030015950484548, 51.497548812971935 ], [ -0.030083749298073, 51.497146171680477 ], [ -0.030097432978509, 51.497062767771233 ], [ -0.030177822762541, 51.496067706016731 ], [ -0.030191895988468, 51.495741500336067 ], [ -0.030188432350261, 51.4954878423205 ], [ -0.030180665419543, 51.49533393314983 ], [ -0.030115584957679, 51.494671860813696 ], [ -0.030008225388669, 51.494088215082655 ], [ -0.029989611730334, 51.493985383042514 ], [ -0.029921342660617, 51.493564266639339 ], [ -0.030408795104748, 51.493451956575441 ], [ -0.031034637756715, 51.493337473659572 ], [ -0.031911691594435, 51.493176846958029 ], [ -0.032038205362707, 51.493116021594481 ], [ -0.032386527677945, 51.493056223192248 ], [ -0.032554872177145, 51.493027574871206 ], [ -0.032524014912934, 51.493008171643787 ], [ -0.032884587826103, 51.492931490963564 ], [ -0.033221468645468, 51.492869699428105 ], [ -0.033277757490303, 51.493001041305462 ], [ -0.033300984006487, 51.492996934711769 ], [ -0.035212424797439, 51.492634213248813 ], [ -0.037288825889869, 51.492220261505103 ], [ -0.037350610431209, 51.492223994115911 ], [ -0.037449707283924, 51.49223104941661 ], [ -0.037474140926424, 51.492232357881051 ], [ -0.03750429413036, 51.492234661408958 ], [ -0.037534447337591, 51.492236964929084 ], [ -0.037564600548093, 51.492239268441402 ], [ -0.037594715143518, 51.492242470587577 ], [ -0.037624791125664, 51.492246571367602 ], [ -0.037627631599011, 51.492247518219642 ], [ -0.037667668556997, 51.492254483649305 ], [ -0.037706227365436, 51.492262323602588 ], [ -0.037744708956718, 51.492271960826294 ], [ -0.037783151950049, 51.492282496678797 ], [ -0.037820155414415, 51.49229300841565 ], [ -0.037857081669777, 51.492305317423906 ], [ -0.037891167462024, 51.492316679574778 ], [ -0.037928093756509, 51.492328988560118 ], [ -0.037963503300175, 51.49234307071584 ], [ -0.03799747331672, 51.49235712875997 ], [ -0.038031404744679, 51.492372085435612 ], [ -0.038065336195249, 51.4923870421011 ], [ -0.03809778950894, 51.492402873298779 ], [ -0.038208772983296, 51.49246858064943 ], [ -0.038360538796251, 51.492557452724355 ], [ -0.0383841619812, 51.492577632471061 ], [ -0.038417669076421, 51.492602474088692 ], [ -0.038452615766752, 51.492627339791021 ], [ -0.038487562495459, 51.492652205482372 ], [ -0.038525426983038, 51.492676220709022 ], [ -0.038563368710334, 51.492698438639536 ], [ -0.038601271875964, 51.492721555198855 ], [ -0.038640691839183, 51.492742898554546 ], [ -0.038681590000131, 51.492763367346818 ], [ -0.03869147395406, 51.492768029198778 ], [ -0.038725328728825, 51.49278478294891 ], [ -0.038762062657149, 51.492801584870961 ], [ -0.038797395643443, 51.492817464048869 ], [ -0.038834168219977, 51.492833367305913 ], [ -0.038872418982144, 51.492848395999019 ], [ -0.038909268796786, 51.492862501948473 ], [ -0.03894759679371, 51.492875733333051 ], [ -0.038987364380477, 51.492888988792984 ], [ -0.039025731014053, 51.492901321509748 ], [ -0.039067015394875, 51.492912803746442 ], [ -0.039106898817855, 51.49292336323996 ], [ -0.039148260416962, 51.49293304816419 ], [ -0.039165419477305, 51.492936033122454 ], [ -0.039196819879423, 51.492942853501859 ], [ -0.039229659860524, 51.492949697957933 ], [ -0.039261098868475, 51.492955619678192 ], [ -0.03929397745461, 51.492961565474324 ], [ -0.039326894634563, 51.492966612619441 ], [ -0.039359811822106, 51.492971659755234 ], [ -0.039394207171166, 51.492975832323182 ], [ -0.039427201539348, 51.492979082156516 ], [ -0.039460195912523, 51.492982331980492 ], [ -0.039493228872344, 51.492984683153452 ], [ -0.039527739987585, 51.492986159756896 ], [ -0.039560811534545, 51.492987612269054 ], [ -0.039593921663541, 51.492988166130161 ], [ -0.039628548522442, 51.492986946778821 ], [ -0.039661735808914, 51.492985703337382 ], [ -0.039677609666158, 51.492985069573315 ], [ -0.039710835527602, 51.492982927476362 ], [ -0.03974557811015, 51.49297901216547 ], [ -0.039777441545776, 51.492975048687455 ], [ -0.039810744546525, 51.492971109278926 ], [ -0.039844124691033, 51.492965372577579 ], [ -0.039876065257098, 51.492959611789601 ], [ -0.039908044388613, 51.492952952351281 ], [ -0.039940023510913, 51.492946292904371 ], [ -0.0403440292214, 51.492830746131197 ], [ -0.040526841367563, 51.492800529261785 ], [ -0.04053714969126, 51.492795305895974 ], [ -0.040044195849147, 51.492163856963408 ], [ -0.041029522584293, 51.491828709940805 ], [ -0.040317599005199, 51.49106320316082 ], [ -0.042481945442406, 51.490241454197943 ], [ -0.042199760072022, 51.490036198870662 ], [ -0.042331176478614, 51.490028502085806 ], [ -0.04271461734122, 51.490022316818447 ], [ -0.044472716960544, 51.490107422945876 ], [ -0.044526609312896, 51.490127207287529 ], [ -0.044550426431231, 51.490142892614188 ], [ -0.044710974828866, 51.490363199308305 ], [ -0.044732060440097, 51.490442688521377 ], [ -0.0451093680659, 51.490377939311529 ], [ -0.0450896990434, 51.49033264676941 ], [ -0.045495740125514, 51.490236001239936 ], [ -0.045805696746621, 51.490162932183459 ], [ -0.045901197884525, 51.490220280561573 ], [ -0.046138358498388, 51.490367221768622 ], [ -0.046541322664716, 51.490342464411711 ], [ -0.046540067497011, 51.490472840336004 ], [ -0.046541375913836, 51.490745346583289 ], [ -0.047569713193202, 51.490446833234927 ], [ -0.047523997536731, 51.490370531351758 ], [ -0.049194120135309, 51.489986470771406 ], [ -0.049234924767278, 51.490042905903536 ], [ -0.049332329928794, 51.490022045071001 ], [ -0.049687056719618, 51.489946113821219 ], [ -0.049631453502343, 51.48986515177026 ], [ -0.05031925367497, 51.489747998402123 ], [ -0.05079151279248, 51.4896182632516 ], [ -0.051125698039143, 51.489550978877581 ], [ -0.051440168994816, 51.489439300626373 ], [ -0.051932774288316, 51.489136335907268 ], [ -0.050143627042529, 51.488361970605027 ], [ -0.050082805648489, 51.488335778529986 ], [ -0.050318272021512, 51.488117571929521 ], [ -0.050283015245637, 51.488099898871376 ], [ -0.050358554082711, 51.488017521766203 ], [ -0.050438449265681, 51.487934317795883 ], [ -0.050618297968272, 51.48787166155207 ], [ -0.050712131000188, 51.487934374008496 ], [ -0.050744105084366, 51.487927711541772 ], [ -0.051089811041126, 51.487826445953701 ], [ -0.05128255726669, 51.48779907544197 ], [ -0.051724381390443, 51.487808220027368 ], [ -0.052093927575424, 51.487823355574953 ], [ -0.052149046908943, 51.48781437950597 ], [ -0.052386950269711, 51.487775167410952 ], [ -0.052474634570573, 51.487711875771296 ], [ -0.052596224509307, 51.487562815794767 ], [ -0.052605282417239, 51.487553074133956 ], [ -0.052863959763336, 51.487634710900444 ], [ -0.053951608252307, 51.487936051757444 ], [ -0.05370293060528, 51.487518249915546 ], [ -0.053538681198221, 51.487282606554452 ], [ -0.053489543641969, 51.487218840289344 ], [ -0.053380289992896, 51.487078535302771 ], [ -0.053296071321919, 51.487026776275492 ], [ -0.053228704186303, 51.486985189278847 ], [ -0.053160226384052, 51.486969663144727 ], [ -0.053130229057053, 51.486963769100193 ], [ -0.053004668010855, 51.486868157226837 ], [ -0.052968354910199, 51.48684147458512 ], [ -0.052908064686586, 51.486735256212413 ], [ -0.052875856383758, 51.486679864512219 ], [ -0.052854681518305, 51.486602173911962 ], [ -0.052818494499931, 51.48647117587042 ], [ -0.05283092889335, 51.486449799548787 ], [ -0.052868155384123, 51.486387467879389 ], [ -0.052894501738106, 51.486343840486519 ], [ -0.052914685503001, 51.486275829918199 ], [ -0.052920601086706, 51.486103264850527 ], [ -0.052923337162716, 51.486005287883557 ], [ -0.053053875186585, 51.485984075121266 ], [ -0.053155434467767, 51.485966877254427 ], [ -0.053114354436733, 51.485849287338013 ], [ -0.053534332286106, 51.485796011289324 ], [ -0.05352605256057, 51.485517094456085 ], [ -0.053397296682499, 51.485293730927125 ], [ -0.05328903393509, 51.485231680250379 ], [ -0.053223552348829, 51.485213506001173 ], [ -0.053170028980257, 51.485218911868394 ], [ -0.053143310607449, 51.485169906433583 ], [ -0.053071535620632, 51.485164217581584 ], [ -0.05301510416365, 51.484832341910774 ], [ -0.052975398558084, 51.484614953711059 ], [ -0.052974189068178, 51.484609537885049 ], [ -0.052938610225919, 51.484396714664733 ], [ -0.052987891322186, 51.4843894398619 ], [ -0.053092210685438, 51.48437498584294 ], [ -0.052958955949761, 51.483581398121643 ], [ -0.052956613512242, 51.48356876916796 ], [ -0.052864461415335, 51.483568137301589 ], [ -0.052806890292962, 51.483567180690962 ], [ -0.052775159418451, 51.483466832446751 ], [ -0.052896518041828, 51.483458057504727 ], [ -0.052895745736622, 51.483408583823511 ], [ -0.052952911319647, 51.483385252874015 ], [ -0.052923774349275, 51.482919836757787 ], [ -0.052930191806352, 51.482803035916859 ], [ -0.052933928676563, 51.482749140712173 ], [ -0.052831780154398, 51.482746544132539 ], [ -0.0527929586786, 51.482744999766467 ], [ -0.052787463492409, 51.482671166815692 ], [ -0.052785695594581, 51.482645058078674 ], [ -0.052916935177415, 51.482640943764892 ], [ -0.052948709837587, 51.482402261035922 ], [ -0.052991786704691, 51.481965922648122 ], [ -0.053026997341829, 51.481747980603267 ], [ -0.053093075146591, 51.481447816854399 ], [ -0.053224980889927, 51.481056119994548 ], [ -0.053234688039456, 51.481031101186389 ], [ -0.053142503029723, 51.481031368233438 ], [ -0.053130951188274, 51.481032075598478 ], [ -0.053162032259147, 51.480978634673207 ], [ -0.053193189823291, 51.480923396433873 ], [ -0.053242880962999, 51.480838789571536 ], [ -0.053280331035438, 51.480771065810039 ], [ -0.053402096718626, 51.480515892134235 ], [ -0.053463690557007, 51.480489936657172 ], [ -0.053488615907132, 51.480479559238375 ], [ -0.053481236629004, 51.480382313505352 ], [ -0.053362550895061, 51.480362356152611 ], [ -0.053331080513903, 51.480357336910359 ], [ -0.053333147736925, 51.480308809673026 ], [ -0.053387491692393, 51.480317806049399 ], [ -0.053547721908781, 51.480342949911751 ], [ -0.053547790928115, 51.48027370584613 ], [ -0.053547538356733, 51.480245823708003 ], [ -0.053494595345677, 51.480237749965127 ], [ -0.053444523311308, 51.480162277252106 ], [ -0.053452439049265, 51.48007787562522 ], [ -0.053496081216734, 51.479966189518457 ], [ -0.053595651217716, 51.479792482196622 ], [ -0.053628407277511, 51.479801119880925 ], [ -0.053669721728013, 51.479811698286433 ], [ -0.053682306632837, 51.479786727240011 ], [ -0.053974121142203, 51.479258295745225 ], [ -0.053992806646509, 51.479225332383869 ], [ -0.053927295252328, 51.479208057213967 ], [ -0.05392161525018, 51.47920616430487 ], [ -0.054302868839757, 51.478606374989077 ], [ -0.052673604752224, 51.478009161162397 ], [ -0.052721854363071, 51.47630221309921 ], [ -0.052737439146722, 51.473840219455113 ], [ -0.052731408063337, 51.472933636182276 ], [ -0.052148181085249, 51.471210796398459 ], [ -0.051954930080592, 51.470609556212025 ], [ -0.051775887289693, 51.470080495008503 ], [ -0.051661499139538, 51.469757546601592 ], [ -0.051660995240843, 51.469701782278129 ], [ -0.051756870208255, 51.46961434688918 ], [ -0.052125717170576, 51.469338102696192 ], [ -0.052256252339469, 51.469214372268205 ], [ -0.052015331694756, 51.468954968755298 ], [ -0.051658761930557, 51.468571338235257 ], [ -0.051420785344801, 51.468344356923744 ], [ -0.050968921311601, 51.467730719995068 ], [ -0.05085582321953, 51.467580455781253 ], [ -0.051102666743675, 51.467464057056937 ], [ -0.051300996210125, 51.467371131782222 ], [ -0.051294032178688, 51.46736562021897 ], [ -0.050974667492581, 51.4671228956853 ], [ -0.050549561430116, 51.466793877898731 ], [ -0.050608413034561, 51.466764281239293 ], [ -0.050796668712824, 51.466671189299355 ], [ -0.050862866822436, 51.466638117575279 ], [ -0.05049441524308, 51.466601411729592 ], [ -0.050252955439344, 51.466557825148264 ], [ -0.049879418686207, 51.466471571817372 ], [ -0.049644481475808, 51.46641010674238 ], [ -0.049597501776749, 51.466397633941057 ], [ -0.049381153749891, 51.466339175642574 ], [ -0.049030197930828, 51.466229913973741 ], [ -0.048603547000221, 51.466072627490917 ], [ -0.048180505118463, 51.465898313039602 ], [ -0.04851458379409, 51.465626896631441 ], [ -0.04769523310497, 51.465225652766662 ], [ -0.047536095330761, 51.465176237868079 ], [ -0.047304927907224, 51.465026700393558 ], [ -0.047011956578186, 51.46490850670537 ], [ -0.046747415541158, 51.464731433083656 ], [ -0.046561177275559, 51.464608722520033 ], [ -0.04633803525513, 51.46440625874564 ], [ -0.046188207955321, 51.464240089470557 ], [ -0.045973511251167, 51.463974815461611 ], [ -0.045694794654503, 51.463523219312336 ], [ -0.045431683271904, 51.462942384898355 ], [ -0.045320771061159, 51.462606897657352 ], [ -0.045211263609262, 51.462204886195877 ], [ -0.045162963704295, 51.461819183817333 ], [ -0.045103487154013, 51.461324480689917 ], [ -0.045080028173937, 51.46093019979125 ], [ -0.045088559679973, 51.460595805875798 ], [ -0.045097684681859, 51.460281206251835 ], [ -0.045151447640238, 51.459831558474477 ], [ -0.045217080679575, 51.459407288862366 ], [ -0.04527791287099, 51.459095350503091 ], [ -0.045310158639924, 51.458980779234437 ], [ -0.04559001449629, 51.458158100920151 ], [ -0.045691806090491, 51.45789810547204 ], [ -0.045717144084809, 51.457810397677299 ], [ -0.04575435490961, 51.457680621273042 ], [ -0.045755793348236, 51.457680645267395 ], [ -0.04597605671795, 51.457174421516321 ], [ -0.046077610287758, 51.457122157846271 ], [ -0.046134785190229, 51.456963037680453 ], [ -0.044970216637479, 51.45666123243916 ], [ -0.044606763920653, 51.45657692845829 ], [ -0.043426686587714, 51.455931319941058 ], [ -0.042719999158939, 51.455492352499299 ], [ -0.042074798801116, 51.455164121848725 ], [ -0.041936492833547, 51.455099759290256 ], [ -0.041799548699423, 51.455037217911986 ], [ -0.041623077242573, 51.454990202871166 ], [ -0.042420086365604, 51.453889301594138 ], [ -0.042963770884902, 51.453191542170835 ], [ -0.043164083641759, 51.453118448422025 ], [ -0.043637199021357, 51.452656919936928 ], [ -0.043860588869858, 51.452414244318 ], [ -0.044482360439549, 51.451706990011203 ], [ -0.044848439939222, 51.45132460610175 ], [ -0.04497502558973, 51.451292545505034 ], [ -0.045098639780202, 51.451228959990722 ], [ -0.045170845037178, 51.451054803005242 ], [ -0.045153301689341, 51.450960084681775 ], [ -0.04545756289255, 51.450643214877317 ], [ -0.045849628742913, 51.450191117237473 ], [ -0.046125153407037, 51.449872867639641 ], [ -0.046485853335156, 51.449919350737574 ], [ -0.046915856057726, 51.449960693059737 ], [ -0.047732334526788, 51.450051640566244 ], [ -0.048214191751197, 51.450092043649612 ], [ -0.04869612648573, 51.450130647468399 ], [ -0.049061027189044, 51.450112443742789 ], [ -0.049340801218681, 51.450031669791144 ], [ -0.04990989446179, 51.449848695766704 ], [ -0.050928988178152, 51.449507736779211 ], [ -0.053044368410204, 51.448836969289012 ], [ -0.053438951254206, 51.448763489736436 ], [ -0.053554056665695, 51.448730330011763 ], [ -0.053619347258637, 51.448717925481994 ], [ -0.053762184046518, 51.448709507161446 ], [ -0.053882722393558, 51.448717804751062 ], [ -0.053928285185287, 51.44872935316139 ], [ -0.053981942120057, 51.448753626084759 ], [ -0.054055681662488, 51.448813304923625 ], [ -0.05430562669631, 51.448993717573735 ], [ -0.054723115031038, 51.449193998494252 ], [ -0.055409853773065, 51.449493173232852 ], [ -0.056517794352019, 51.449939621841324 ], [ -0.05753565550568, 51.450338702439822 ], [ -0.058075000613192, 51.449940265905418 ], [ -0.058593286877021, 51.449563060863063 ], [ -0.058661845103165, 51.449507541742264 ], [ -0.059035872933977, 51.449307802067189 ], [ -0.05965199751069, 51.448998760868818 ], [ -0.060946997703189, 51.448427571303249 ], [ -0.061357890672018, 51.44813850541599 ], [ -0.061801262635544, 51.447796018050738 ], [ -0.062054056403887, 51.447535808974514 ], [ -0.062194239879454, 51.447351974866756 ], [ -0.062317537718025, 51.44719304141725 ], [ -0.062543374108439, 51.446957565507851 ], [ -0.062875760459595, 51.446448668267841 ], [ -0.063058226177782, 51.446183696865667 ], [ -0.063219017908186, 51.445852718623911 ], [ -0.063339420526613, 51.445557943344198 ], [ -0.063458421512389, 51.445262245470985 ], [ -0.063614310354034, 51.444808882080125 ], [ -0.063687663923489, 51.444537609525703 ], [ -0.063724064805422, 51.444153314783307 ], [ -0.0636398240335, 51.443355150673312 ], [ -0.063707916952811, 51.442867961279873 ], [ -0.06384470226163, 51.442525793758143 ], [ -0.064057069732837, 51.442097644027932 ], [ -0.064140077375556, 51.441972215869733 ], [ -0.064193103715238, 51.441909242535068 ], [ -0.064251843754265, 51.441847262883272 ], [ -0.064585994107529, 51.441533536027528 ], [ -0.065000485129788, 51.441157285661042 ], [ -0.064645602087907, 51.441008435843642 ], [ -0.064254349445496, 51.440903049211926 ], [ -0.064027846336165, 51.440848945835015 ], [ -0.063775268910605, 51.439539900578879 ], [ -0.063726554672271, 51.438990528017328 ], [ -0.063707813151942, 51.438208734475737 ], [ -0.063681138851238, 51.437988866586217 ], [ -0.063675019766666, 51.437929412239868 ], [ -0.063517870699398, 51.437766740792433 ], [ -0.063431702001334, 51.437626825536867 ], [ -0.063431036854219, 51.437540482607673 ], [ -0.063525033752041, 51.437495273326128 ], [ -0.063957062357364, 51.437282087851408 ], [ -0.064132487679866, 51.437216640806241 ], [ -0.064219180205708, 51.437174008124288 ], [ -0.064339213798012, 51.437091458190324 ], [ -0.064394577935883, 51.437041113388659 ], [ -0.064441467030847, 51.436987031365838 ], [ -0.06450486106352, 51.436882861712888 ], [ -0.064534577653479, 51.436792524276072 ], [ -0.064585448780295, 51.436678255469324 ], [ -0.064774580253789, 51.43628838972888 ], [ -0.065060679832927, 51.435919010437964 ], [ -0.065390040879383, 51.435410954662423 ], [ -0.06558104405006, 51.435078673045069 ], [ -0.065762326351567, 51.434703963876117 ], [ -0.06580857070091, 51.434630985493968 ], [ -0.06588330836307, 51.434530599477476 ], [ -0.065948280802215, 51.434457030942887 ], [ -0.066017224680011, 51.434391621559307 ], [ -0.066118557305635, 51.434308760974631 ], [ -0.066683023203085, 51.43392238938106 ], [ -0.06712582596037, 51.433691384245954 ], [ -0.06772756760854, 51.433444114219341 ], [ -0.068576448754675, 51.432999475329247 ], [ -0.06899584711549, 51.432845416631068 ], [ -0.06950339565391, 51.432682017672185 ], [ -0.069596543361388, 51.432656573993647 ], [ -0.069958425693529, 51.432569910028597 ], [ -0.070161479923711, 51.432530988722604 ], [ -0.070367219865694, 51.432496607751595 ], [ -0.070669548570288, 51.43245752222051 ], [ -0.070917433894088, 51.432447215923546 ], [ -0.071084166078185, 51.432450860770665 ], [ -0.0713091995773, 51.432470753202892 ], [ -0.07158201706995, 51.432483338222895 ], [ -0.072051115081884, 51.432481167348207 ], [ -0.072190190949379, 51.432458276057503 ], [ -0.07235760366312, 51.432411570079871 ], [ -0.072435086201809, 51.432382269209086 ], [ -0.072514346680849, 51.432344903935622 ], [ -0.072604351420731, 51.432291528175064 ], [ -0.072682968057901, 51.432235267114066 ], [ -0.072738279339594, 51.432185816897714 ], [ -0.072835962579112, 51.432086703518777 ], [ -0.073560326223747, 51.431351308294325 ], [ -0.074867787820686, 51.429748684974307 ], [ -0.074901942960665, 51.429654820836099 ], [ -0.07494449445081, 51.429532317390006 ], [ -0.07502262798673, 51.429179281129535 ], [ -0.075067542715077, 51.428795123086871 ], [ -0.075002797280542, 51.428555747313801 ], [ -0.074918460393619, 51.428371805525025 ], [ -0.074769921064375, 51.428106771723741 ], [ -0.074464944174438, 51.427627833235817 ], [ -0.074301282986738, 51.427448882101686 ], [ -0.074140373507621, 51.427067635677787 ], [ -0.0739589928612, 51.426523280892866 ], [ -0.073904617257476, 51.426208534538588 ], [ -0.073909834775091, 51.426152864324841 ], [ -0.073928673140534, 51.426149576903612 ], [ -0.073976450000618, 51.426142268823376 ], [ -0.074022827147862, 51.426134038420521 ], [ -0.074069204279059, 51.426125807999007 ], [ -0.074115656952291, 51.426115780220393 ], [ -0.074162185162052, 51.42610395508445 ], [ -0.074213139113609, 51.426089504815906 ], [ -0.07426413080991, 51.426074155855346 ], [ -0.074315198023012, 51.426057009533238 ], [ -0.074363390245814, 51.426039815929201 ], [ -0.074411657979476, 51.426020824965818 ], [ -0.074459963446036, 51.426000935312373 ], [ -0.074506831396637, 51.425981022010532 ], [ -0.074528808997051, 51.425971491059649 ], [ -0.07455668756627, 51.425958459934854 ], [ -0.074586003593567, 51.425945452429865 ], [ -0.074613882131165, 51.425932421290881 ], [ -0.074641760653139, 51.425919390144976 ], [ -0.074668239454956, 51.42590543669683 ], [ -0.074696155712955, 51.425891506867771 ], [ -0.074721234777777, 51.425876631112025 ], [ -0.074747751297713, 51.425861778975339 ], [ -0.074771392859082, 51.425846879583546 ], [ -0.074795072170676, 51.425831081516975 ], [ -0.074818789231078, 51.425814384775563 ], [ -0.074841068804998, 51.425797664405515 ], [ -0.074860511189253, 51.425779998114599 ], [ -0.074867962881083, 51.425773825542393 ], [ -0.074887443008495, 51.425755260576814 ], [ -0.074906923120159, 51.425736695607682 ], [ -0.074923528282245, 51.42571808339008 ], [ -0.074940171193287, 51.425698572500018 ], [ -0.074955376624407, 51.425679037985226 ], [ -0.074970582042514, 51.425659503468196 ], [ -0.074982950280084, 51.425639023035643 ], [ -0.074995318506492, 51.425618542601548 ], [ -0.075007686721753, 51.425598062165896 ], [ -0.075017180000568, 51.42557753448618 ], [ -0.075429225876184, 51.42497998464372 ], [ -0.075430701070333, 51.42497910959473 ], [ -0.075638989267109, 51.424677673716907 ], [ -0.076572928198142, 51.423194803626203 ], [ -0.077577349445853, 51.421710386157102 ], [ -0.07801658352429, 51.421011655858344 ], [ -0.078212998847375, 51.420718114788627 ], [ -0.078280876429514, 51.420608616474816 ] ] ] } }
]
}
